short_name,title,area_code,end_year,description,id,keep_compatible,curve_file,heat_demand
KM_Aalten,KM_Aalten,GM0197_Aalten,2050,Dit scenario is een regionalisatie van het Koersvaste Middenweg scenario van Netbeheer Nederland voor het jaar 2050,,TRUE,KM2050_custom_curves,
KM_Apeldoorn,KM_Apeldoorn,GM0200_Apeldoorn,2050,Dit scenario is een regionalisatie van het Koersvaste Middenweg scenario van Netbeheer Nederland voor het jaar 2050,,TRUE,KM2050_custom_curves,
KM_Arnhem,KM_Arnhem,GM0202_Arnhem,2050,Dit scenario is een regionalisatie van het Koersvaste Middenweg scenario van Netbeheer Nederland voor het jaar 2050,,TRUE,KM2050_custom_curves,
KM_Barneveld,KM_Barneveld,GM0203_Barneveld,2050,Dit scenario is een regionalisatie van het Koersvaste Middenweg scenario van Netbeheer Nederland voor het jaar 2050,,TRUE,KM2050_custom_curves,
KM_Beuningen,KM_Beuningen,GM0209_Beuningen,2050,Dit scenario is een regionalisatie van het Koersvaste Middenweg scenario van Netbeheer Nederland voor het jaar 2050,,TRUE,KM2050_custom_curves,
KM_Brummen,KM_Brummen,GM0213_Brummen,2050,Dit scenario is een regionalisatie van het Koersvaste Middenweg scenario van Netbeheer Nederland voor het jaar 2050,,TRUE,KM2050_custom_curves,
KM_Buren,KM_Buren,GM0214_Buren,2050,Dit scenario is een regionalisatie van het Koersvaste Middenweg scenario van Netbeheer Nederland voor het jaar 2050,,TRUE,KM2050_custom_curves,
KM_Culemborg,KM_Culemborg,GM0216_Culemborg,2050,Dit scenario is een regionalisatie van het Koersvaste Middenweg scenario van Netbeheer Nederland voor het jaar 2050,,TRUE,KM2050_custom_curves,
KM_Doesburg,KM_Doesburg,GM0221_Doesburg,2050,Dit scenario is een regionalisatie van het Koersvaste Middenweg scenario van Netbeheer Nederland voor het jaar 2050,,TRUE,KM2050_custom_curves,
KM_Doetinchem,KM_Doetinchem,GM0222_Doetinchem,2050,Dit scenario is een regionalisatie van het Koersvaste Middenweg scenario van Netbeheer Nederland voor het jaar 2050,,TRUE,KM2050_custom_curves,
KM_Druten,KM_Druten,GM0225_Druten,2050,Dit scenario is een regionalisatie van het Koersvaste Middenweg scenario van Netbeheer Nederland voor het jaar 2050,,TRUE,KM2050_custom_curves,
KM_Duiven,KM_Duiven,GM0226_Duiven,2050,Dit scenario is een regionalisatie van het Koersvaste Middenweg scenario van Netbeheer Nederland voor het jaar 2050,,TRUE,KM2050_custom_curves,
KM_Ede,KM_Ede,GM0228_Ede,2050,Dit scenario is een regionalisatie van het Koersvaste Middenweg scenario van Netbeheer Nederland voor het jaar 2050,,TRUE,KM2050_custom_curves,
KM_Elburg,KM_Elburg,GM0230_Elburg,2050,Dit scenario is een regionalisatie van het Koersvaste Middenweg scenario van Netbeheer Nederland voor het jaar 2050,,TRUE,KM2050_custom_curves,
KM_Epe,KM_Epe,GM0232_Epe,2050,Dit scenario is een regionalisatie van het Koersvaste Middenweg scenario van Netbeheer Nederland voor het jaar 2050,,TRUE,KM2050_custom_curves,
KM_Ermelo,KM_Ermelo,GM0233_Ermelo,2050,Dit scenario is een regionalisatie van het Koersvaste Middenweg scenario van Netbeheer Nederland voor het jaar 2050,,TRUE,KM2050_custom_curves,
KM_Harderwijk,KM_Harderwijk,GM0243_Harderwijk,2050,Dit scenario is een regionalisatie van het Koersvaste Middenweg scenario van Netbeheer Nederland voor het jaar 2050,,TRUE,KM2050_custom_curves,
KM_Hattem,KM_Hattem,GM0244_Hattem,2050,Dit scenario is een regionalisatie van het Koersvaste Middenweg scenario van Netbeheer Nederland voor het jaar 2050,,TRUE,KM2050_custom_curves,
KM_Heerde,KM_Heerde,GM0246_Heerde,2050,Dit scenario is een regionalisatie van het Koersvaste Middenweg scenario van Netbeheer Nederland voor het jaar 2050,,TRUE,KM2050_custom_curves,
KM_Heumen,KM_Heumen,GM0252_Heumen,2050,Dit scenario is een regionalisatie van het Koersvaste Middenweg scenario van Netbeheer Nederland voor het jaar 2050,,TRUE,KM2050_custom_curves,
KM_Lochem,KM_Lochem,GM0262_Lochem,2050,Dit scenario is een regionalisatie van het Koersvaste Middenweg scenario van Netbeheer Nederland voor het jaar 2050,,TRUE,KM2050_custom_curves,
KM_Maasdriel,KM_Maasdriel,GM0263_Maasdriel,2050,Dit scenario is een regionalisatie van het Koersvaste Middenweg scenario van Netbeheer Nederland voor het jaar 2050,,TRUE,KM2050_custom_curves,
KM_Nijkerk,KM_Nijkerk,GM0267_Nijkerk,2050,Dit scenario is een regionalisatie van het Koersvaste Middenweg scenario van Netbeheer Nederland voor het jaar 2050,,TRUE,KM2050_custom_curves,
KM_Nijmegen,KM_Nijmegen,GM0268_Nijmegen,2050,Dit scenario is een regionalisatie van het Koersvaste Middenweg scenario van Netbeheer Nederland voor het jaar 2050,,TRUE,KM2050_custom_curves,
KM_Oldebroek,KM_Oldebroek,GM0269_Oldebroek,2050,Dit scenario is een regionalisatie van het Koersvaste Middenweg scenario van Netbeheer Nederland voor het jaar 2050,,TRUE,KM2050_custom_curves,
KM_Putten,KM_Putten,GM0273_Putten,2050,Dit scenario is een regionalisatie van het Koersvaste Middenweg scenario van Netbeheer Nederland voor het jaar 2050,,TRUE,KM2050_custom_curves,
KM_Renkum,KM_Renkum,GM0274_Renkum,2050,Dit scenario is een regionalisatie van het Koersvaste Middenweg scenario van Netbeheer Nederland voor het jaar 2050,,TRUE,KM2050_custom_curves,
KM_Rheden,KM_Rheden,GM0275_Rheden,2050,Dit scenario is een regionalisatie van het Koersvaste Middenweg scenario van Netbeheer Nederland voor het jaar 2050,,TRUE,KM2050_custom_curves,
KM_Rozendaal,KM_Rozendaal,GM0277_Rozendaal,2050,Dit scenario is een regionalisatie van het Koersvaste Middenweg scenario van Netbeheer Nederland voor het jaar 2050,,TRUE,KM2050_custom_curves,
KM_Scherpenzeel,KM_Scherpenzeel,GM0279_Scherpenzeel,2050,Dit scenario is een regionalisatie van het Koersvaste Middenweg scenario van Netbeheer Nederland voor het jaar 2050,,TRUE,KM2050_custom_curves,
KM_Tiel,KM_Tiel,GM0281_Tiel,2050,Dit scenario is een regionalisatie van het Koersvaste Middenweg scenario van Netbeheer Nederland voor het jaar 2050,,TRUE,KM2050_custom_curves,
KM_Voorst,KM_Voorst,GM0285_Voorst,2050,Dit scenario is een regionalisatie van het Koersvaste Middenweg scenario van Netbeheer Nederland voor het jaar 2050,,TRUE,KM2050_custom_curves,
KM_Wageningen,KM_Wageningen,GM0289_Wageningen,2050,Dit scenario is een regionalisatie van het Koersvaste Middenweg scenario van Netbeheer Nederland voor het jaar 2050,,TRUE,KM2050_custom_curves,
KM_Westervoort,KM_Westervoort,GM0293_Westervoort,2050,Dit scenario is een regionalisatie van het Koersvaste Middenweg scenario van Netbeheer Nederland voor het jaar 2050,,TRUE,KM2050_custom_curves,
KM_Winterswijk,KM_Winterswijk,GM0294_Winterswijk,2050,Dit scenario is een regionalisatie van het Koersvaste Middenweg scenario van Netbeheer Nederland voor het jaar 2050,,TRUE,KM2050_custom_curves,
KM_Wijchen,KM_Wijchen,GM0296_Wijchen,2050,Dit scenario is een regionalisatie van het Koersvaste Middenweg scenario van Netbeheer Nederland voor het jaar 2050,,TRUE,KM2050_custom_curves,
KM_Zaltbommel,KM_Zaltbommel,GM0297_Zaltbommel,2050,Dit scenario is een regionalisatie van het Koersvaste Middenweg scenario van Netbeheer Nederland voor het jaar 2050,,TRUE,KM2050_custom_curves,
KM_Zevenaar,KM_Zevenaar,GM0299_Zevenaar,2050,Dit scenario is een regionalisatie van het Koersvaste Middenweg scenario van Netbeheer Nederland voor het jaar 2050,,TRUE,KM2050_custom_curves,
KM_Zutphen,KM_Zutphen,GM0301_Zutphen,2050,Dit scenario is een regionalisatie van het Koersvaste Middenweg scenario van Netbeheer Nederland voor het jaar 2050,,TRUE,KM2050_custom_curves,
KM_Nunspeet,KM_Nunspeet,GM0302_Nunspeet,2050,Dit scenario is een regionalisatie van het Koersvaste Middenweg scenario van Netbeheer Nederland voor het jaar 2050,,TRUE,KM2050_custom_curves,
KM_West Maas en Waal,KM_West Maas en Waal,GM0668_West Maas en Waal,2050,Dit scenario is een regionalisatie van het Koersvaste Middenweg scenario van Netbeheer Nederland voor het jaar 2050,,TRUE,KM2050_custom_curves,
KM_Oude IJsselstreek,KM_Oude IJsselstreek,GM1509_Oude IJsselstreek,2050,Dit scenario is een regionalisatie van het Koersvaste Middenweg scenario van Netbeheer Nederland voor het jaar 2050,,TRUE,KM2050_custom_curves,
KM_Oost Gelre,KM_Oost Gelre,GM1586_Oost Gelre,2050,Dit scenario is een regionalisatie van het Koersvaste Middenweg scenario van Netbeheer Nederland voor het jaar 2050,,TRUE,KM2050_custom_curves,
KM_Lingewaard,KM_Lingewaard,GM1705_Lingewaard,2050,Dit scenario is een regionalisatie van het Koersvaste Middenweg scenario van Netbeheer Nederland voor het jaar 2050,,TRUE,KM2050_custom_curves,
KM_Overbetuwe,KM_Overbetuwe,GM1734_Overbetuwe,2050,Dit scenario is een regionalisatie van het Koersvaste Middenweg scenario van Netbeheer Nederland voor het jaar 2050,,TRUE,KM2050_custom_curves,
KM_Neder-Betuwe,KM_Neder-Betuwe,GM1740_Neder-Betuwe,2050,Dit scenario is een regionalisatie van het Koersvaste Middenweg scenario van Netbeheer Nederland voor het jaar 2050,,TRUE,KM2050_custom_curves,
KM_Berkelland,KM_Berkelland,GM1859_Berkelland,2050,Dit scenario is een regionalisatie van het Koersvaste Middenweg scenario van Netbeheer Nederland voor het jaar 2050,,TRUE,KM2050_custom_curves,
KM_Bronckhorst,KM_Bronckhorst,GM1876_Bronckhorst,2050,Dit scenario is een regionalisatie van het Koersvaste Middenweg scenario van Netbeheer Nederland voor het jaar 2050,,TRUE,KM2050_custom_curves,
KM_Berg en Dal,KM_Berg en Dal,GM1945_Berg en Dal,2050,Dit scenario is een regionalisatie van het Koersvaste Middenweg scenario van Netbeheer Nederland voor het jaar 2050,,TRUE,KM2050_custom_curves,
KM_Montferland,KM_Montferland,GM1955_Montferland,2050,Dit scenario is een regionalisatie van het Koersvaste Middenweg scenario van Netbeheer Nederland voor het jaar 2050,,TRUE,KM2050_custom_curves,
KM_West Betuwe,KM_West Betuwe,GM1960_West Betuwe,2050,Dit scenario is een regionalisatie van het Koersvaste Middenweg scenario van Netbeheer Nederland voor het jaar 2050,,TRUE,KM2050_custom_curves,
KM_Assen,KM_Assen,GM0106_Assen,2050,Dit scenario is een regionalisatie van het Koersvaste Middenweg scenario van Netbeheer Nederland voor het jaar 2050,,TRUE,KM2050_custom_curves,
KM_Coevorden,KM_Coevorden,GM0109_Coevorden,2050,Dit scenario is een regionalisatie van het Koersvaste Middenweg scenario van Netbeheer Nederland voor het jaar 2050,,TRUE,KM2050_custom_curves,
KM_Emmen,KM_Emmen,GM0114_Emmen,2050,Dit scenario is een regionalisatie van het Koersvaste Middenweg scenario van Netbeheer Nederland voor het jaar 2050,,TRUE,KM2050_custom_curves,
KM_Hoogeveen,KM_Hoogeveen,GM0118_Hoogeveen,2050,Dit scenario is een regionalisatie van het Koersvaste Middenweg scenario van Netbeheer Nederland voor het jaar 2050,,TRUE,KM2050_custom_curves,
KM_Meppel,KM_Meppel,GM0119_Meppel,2050,Dit scenario is een regionalisatie van het Koersvaste Middenweg scenario van Netbeheer Nederland voor het jaar 2050,,TRUE,KM2050_custom_curves,
KM_Aa en Hunze,KM_Aa en Hunze,GM1680_Aa en Hunze,2050,Dit scenario is een regionalisatie van het Koersvaste Middenweg scenario van Netbeheer Nederland voor het jaar 2050,,TRUE,KM2050_custom_curves,
KM_Borger-Odoorn,KM_Borger-Odoorn,GM1681_Borger-Odoorn,2050,Dit scenario is een regionalisatie van het Koersvaste Middenweg scenario van Netbeheer Nederland voor het jaar 2050,,TRUE,KM2050_custom_curves,
KM_De Wolden,KM_De Wolden,GM1690_De Wolden,2050,Dit scenario is een regionalisatie van het Koersvaste Middenweg scenario van Netbeheer Nederland voor het jaar 2050,,TRUE,KM2050_custom_curves,
KM_Noordenveld,KM_Noordenveld,GM1699_Noordenveld,2050,Dit scenario is een regionalisatie van het Koersvaste Middenweg scenario van Netbeheer Nederland voor het jaar 2050,,TRUE,KM2050_custom_curves,
KM_Westerveld,KM_Westerveld,GM1701_Westerveld,2050,Dit scenario is een regionalisatie van het Koersvaste Middenweg scenario van Netbeheer Nederland voor het jaar 2050,,TRUE,KM2050_custom_curves,
KM_Tynaarlo,KM_Tynaarlo,GM1730_Tynaarlo,2050,Dit scenario is een regionalisatie van het Koersvaste Middenweg scenario van Netbeheer Nederland voor het jaar 2050,,TRUE,KM2050_custom_curves,
KM_Midden-Drenthe,KM_Midden-Drenthe,GM1731_Midden-Drenthe,2050,Dit scenario is een regionalisatie van het Koersvaste Middenweg scenario van Netbeheer Nederland voor het jaar 2050,,TRUE,KM2050_custom_curves,
KM_Almere,KM_Almere,GM0034_Almere,2050,Dit scenario is een regionalisatie van het Koersvaste Middenweg scenario van Netbeheer Nederland voor het jaar 2050,,TRUE,KM2050_custom_curves,
KM_Zeewolde,KM_Zeewolde,GM0050_Zeewolde,2050,Dit scenario is een regionalisatie van het Koersvaste Middenweg scenario van Netbeheer Nederland voor het jaar 2050,,TRUE,KM2050_custom_curves,
KM_Noordoostpolder,KM_Noordoostpolder,GM0171_Noordoostpolder,2050,Dit scenario is een regionalisatie van het Koersvaste Middenweg scenario van Netbeheer Nederland voor het jaar 2050,,TRUE,KM2050_custom_curves,
KM_Urk,KM_Urk,GM0184_Urk,2050,Dit scenario is een regionalisatie van het Koersvaste Middenweg scenario van Netbeheer Nederland voor het jaar 2050,,TRUE,KM2050_custom_curves,
KM_Dronten,KM_Dronten,GM0303_Dronten,2050,Dit scenario is een regionalisatie van het Koersvaste Middenweg scenario van Netbeheer Nederland voor het jaar 2050,,TRUE,KM2050_custom_curves,
KM_Lelystad,KM_Lelystad,GM0995_Lelystad,2050,Dit scenario is een regionalisatie van het Koersvaste Middenweg scenario van Netbeheer Nederland voor het jaar 2050,,TRUE,KM2050_custom_curves,
KM_Achtkarspelen,KM_Achtkarspelen,GM0059_Achtkarspelen,2050,Dit scenario is een regionalisatie van het Koersvaste Middenweg scenario van Netbeheer Nederland voor het jaar 2050,,TRUE,KM2050_custom_curves,
KM_Ameland,KM_Ameland,GM0060_Ameland,2050,Dit scenario is een regionalisatie van het Koersvaste Middenweg scenario van Netbeheer Nederland voor het jaar 2050,,TRUE,KM2050_custom_curves,
KM_Harlingen,KM_Harlingen,GM0072_Harlingen,2050,Dit scenario is een regionalisatie van het Koersvaste Middenweg scenario van Netbeheer Nederland voor het jaar 2050,,TRUE,KM2050_custom_curves,
KM_Heerenveen,KM_Heerenveen,GM0074_Heerenveen,2050,Dit scenario is een regionalisatie van het Koersvaste Middenweg scenario van Netbeheer Nederland voor het jaar 2050,,TRUE,KM2050_custom_curves,
KM_Leeuwarden,KM_Leeuwarden,GM0080_Leeuwarden,2050,Dit scenario is een regionalisatie van het Koersvaste Middenweg scenario van Netbeheer Nederland voor het jaar 2050,,TRUE,KM2050_custom_curves,
KM_Ooststellingwerf,KM_Ooststellingwerf,GM0085_Ooststellingwerf,2050,Dit scenario is een regionalisatie van het Koersvaste Middenweg scenario van Netbeheer Nederland voor het jaar 2050,,TRUE,KM2050_custom_curves,
KM_Opsterland,KM_Opsterland,GM0086_Opsterland,2050,Dit scenario is een regionalisatie van het Koersvaste Middenweg scenario van Netbeheer Nederland voor het jaar 2050,,TRUE,KM2050_custom_curves,
KM_Schiermonnikoog,KM_Schiermonnikoog,GM0088_Schiermonnikoog,2050,Dit scenario is een regionalisatie van het Koersvaste Middenweg scenario van Netbeheer Nederland voor het jaar 2050,,TRUE,KM2050_custom_curves,
KM_Smallingerland,KM_Smallingerland,GM0090_Smallingerland,2050,Dit scenario is een regionalisatie van het Koersvaste Middenweg scenario van Netbeheer Nederland voor het jaar 2050,,TRUE,KM2050_custom_curves,
KM_Terschelling,KM_Terschelling,GM0093_Terschelling,2050,Dit scenario is een regionalisatie van het Koersvaste Middenweg scenario van Netbeheer Nederland voor het jaar 2050,,TRUE,KM2050_custom_curves,
KM_Vlieland,KM_Vlieland,GM0096_Vlieland,2050,Dit scenario is een regionalisatie van het Koersvaste Middenweg scenario van Netbeheer Nederland voor het jaar 2050,,TRUE,KM2050_custom_curves,
KM_Weststellingwerf,KM_Weststellingwerf,GM0098_Weststellingwerf,2050,Dit scenario is een regionalisatie van het Koersvaste Middenweg scenario van Netbeheer Nederland voor het jaar 2050,,TRUE,KM2050_custom_curves,
KM_Tytsjerksteradiel,KM_Tytsjerksteradiel,GM0737_Tytsjerksteradiel,2050,Dit scenario is een regionalisatie van het Koersvaste Middenweg scenario van Netbeheer Nederland voor het jaar 2050,,TRUE,KM2050_custom_curves,
KM_Dantumadiel,KM_Dantumadiel,GM1891_Dantumadiel,2050,Dit scenario is een regionalisatie van het Koersvaste Middenweg scenario van Netbeheer Nederland voor het jaar 2050,,TRUE,KM2050_custom_curves,
KM_Súdwest-Fryslân,KM_Súdwest-Fryslân,GM1900_Súdwest-Fryslân,2050,Dit scenario is een regionalisatie van het Koersvaste Middenweg scenario van Netbeheer Nederland voor het jaar 2050,,TRUE,KM2050_custom_curves,
KM_De Fryske Marren,KM_De Fryske Marren,GM1940_De Fryske Marren,2050,Dit scenario is een regionalisatie van het Koersvaste Middenweg scenario van Netbeheer Nederland voor het jaar 2050,,TRUE,KM2050_custom_curves,
KM_Waadhoeke,KM_Waadhoeke,GM1949_Waadhoeke,2050,Dit scenario is een regionalisatie van het Koersvaste Middenweg scenario van Netbeheer Nederland voor het jaar 2050,,TRUE,KM2050_custom_curves,
KM_Noardeast-Fryslân,KM_Noardeast-Fryslân,GM1970_Noardeast-Fryslân,2050,Dit scenario is een regionalisatie van het Koersvaste Middenweg scenario van Netbeheer Nederland voor het jaar 2050,,TRUE,KM2050_custom_curves,
KM_Groningen,KM_Groningen,GM0014_Groningen,2050,Dit scenario is een regionalisatie van het Koersvaste Middenweg scenario van Netbeheer Nederland voor het jaar 2050,,TRUE,KM2050_custom_curves,
KM_Stadskanaal,KM_Stadskanaal,GM0037_Stadskanaal,2050,Dit scenario is een regionalisatie van het Koersvaste Middenweg scenario van Netbeheer Nederland voor het jaar 2050,,TRUE,KM2050_custom_curves,
KM_Veendam,KM_Veendam,GM0047_Veendam,2050,Dit scenario is een regionalisatie van het Koersvaste Middenweg scenario van Netbeheer Nederland voor het jaar 2050,,TRUE,KM2050_custom_curves,
KM_Pekela,KM_Pekela,GM0765_Pekela,2050,Dit scenario is een regionalisatie van het Koersvaste Middenweg scenario van Netbeheer Nederland voor het jaar 2050,,TRUE,KM2050_custom_curves,
KM_Oldambt,KM_Oldambt,GM1895_Oldambt,2050,Dit scenario is een regionalisatie van het Koersvaste Middenweg scenario van Netbeheer Nederland voor het jaar 2050,,TRUE,KM2050_custom_curves,
KM_Westerwolde,KM_Westerwolde,GM1950_Westerwolde,2050,Dit scenario is een regionalisatie van het Koersvaste Middenweg scenario van Netbeheer Nederland voor het jaar 2050,,TRUE,KM2050_custom_curves,
KM_Midden-Groningen,KM_Midden-Groningen,GM1952_Midden-Groningen,2050,Dit scenario is een regionalisatie van het Koersvaste Middenweg scenario van Netbeheer Nederland voor het jaar 2050,,TRUE,KM2050_custom_curves,
KM_Het Hogeland,KM_Het Hogeland,GM1966_Het Hogeland,2050,Dit scenario is een regionalisatie van het Koersvaste Middenweg scenario van Netbeheer Nederland voor het jaar 2050,,TRUE,KM2050_custom_curves,
KM_Westerkwartier,KM_Westerkwartier,GM1969_Westerkwartier,2050,Dit scenario is een regionalisatie van het Koersvaste Middenweg scenario van Netbeheer Nederland voor het jaar 2050,,TRUE,KM2050_custom_curves,
KM_Landgraaf,KM_Landgraaf,GM0882_Landgraaf,2050,Dit scenario is een regionalisatie van het Koersvaste Middenweg scenario van Netbeheer Nederland voor het jaar 2050,,TRUE,KM2050_custom_curves,
KM_Beek,KM_Beek,GM0888_Beek,2050,Dit scenario is een regionalisatie van het Koersvaste Middenweg scenario van Netbeheer Nederland voor het jaar 2050,,TRUE,KM2050_custom_curves,
KM_Beesel,KM_Beesel,GM0889_Beesel,2050,Dit scenario is een regionalisatie van het Koersvaste Middenweg scenario van Netbeheer Nederland voor het jaar 2050,,TRUE,KM2050_custom_curves,
KM_Bergen (L.),KM_Bergen (L.),GM0893_Bergen (L.),2050,Dit scenario is een regionalisatie van het Koersvaste Middenweg scenario van Netbeheer Nederland voor het jaar 2050,,TRUE,KM2050_custom_curves,
KM_Brunssum,KM_Brunssum,GM0899_Brunssum,2050,Dit scenario is een regionalisatie van het Koersvaste Middenweg scenario van Netbeheer Nederland voor het jaar 2050,,TRUE,KM2050_custom_curves,
KM_Gennep,KM_Gennep,GM0907_Gennep,2050,Dit scenario is een regionalisatie van het Koersvaste Middenweg scenario van Netbeheer Nederland voor het jaar 2050,,TRUE,KM2050_custom_curves,
KM_Heerlen,KM_Heerlen,GM0917_Heerlen,2050,Dit scenario is een regionalisatie van het Koersvaste Middenweg scenario van Netbeheer Nederland voor het jaar 2050,,TRUE,KM2050_custom_curves,
KM_Kerkrade,KM_Kerkrade,GM0928_Kerkrade,2050,Dit scenario is een regionalisatie van het Koersvaste Middenweg scenario van Netbeheer Nederland voor het jaar 2050,,TRUE,KM2050_custom_curves,
KM_Maastricht,KM_Maastricht,GM0935_Maastricht,2050,Dit scenario is een regionalisatie van het Koersvaste Middenweg scenario van Netbeheer Nederland voor het jaar 2050,,TRUE,KM2050_custom_curves,
KM_Meerssen,KM_Meerssen,GM0938_Meerssen,2050,Dit scenario is een regionalisatie van het Koersvaste Middenweg scenario van Netbeheer Nederland voor het jaar 2050,,TRUE,KM2050_custom_curves,
KM_Mook en Middelaar,KM_Mook en Middelaar,GM0944_Mook en Middelaar,2050,Dit scenario is een regionalisatie van het Koersvaste Middenweg scenario van Netbeheer Nederland voor het jaar 2050,,TRUE,KM2050_custom_curves,
KM_Nederweert,KM_Nederweert,GM0946_Nederweert,2050,Dit scenario is een regionalisatie van het Koersvaste Middenweg scenario van Netbeheer Nederland voor het jaar 2050,,TRUE,KM2050_custom_curves,
KM_Roermond,KM_Roermond,GM0957_Roermond,2050,Dit scenario is een regionalisatie van het Koersvaste Middenweg scenario van Netbeheer Nederland voor het jaar 2050,,TRUE,KM2050_custom_curves,
KM_Simpelveld,KM_Simpelveld,GM0965_Simpelveld,2050,Dit scenario is een regionalisatie van het Koersvaste Middenweg scenario van Netbeheer Nederland voor het jaar 2050,,TRUE,KM2050_custom_curves,
KM_Stein,KM_Stein,GM0971_Stein,2050,Dit scenario is een regionalisatie van het Koersvaste Middenweg scenario van Netbeheer Nederland voor het jaar 2050,,TRUE,KM2050_custom_curves,
KM_Vaals,KM_Vaals,GM0981_Vaals,2050,Dit scenario is een regionalisatie van het Koersvaste Middenweg scenario van Netbeheer Nederland voor het jaar 2050,,TRUE,KM2050_custom_curves,
KM_Venlo,KM_Venlo,GM0983_Venlo,2050,Dit scenario is een regionalisatie van het Koersvaste Middenweg scenario van Netbeheer Nederland voor het jaar 2050,,TRUE,KM2050_custom_curves,
KM_Venray,KM_Venray,GM0984_Venray,2050,Dit scenario is een regionalisatie van het Koersvaste Middenweg scenario van Netbeheer Nederland voor het jaar 2050,,TRUE,KM2050_custom_curves,
KM_Voerendaal,KM_Voerendaal,GM0986_Voerendaal,2050,Dit scenario is een regionalisatie van het Koersvaste Middenweg scenario van Netbeheer Nederland voor het jaar 2050,,TRUE,KM2050_custom_curves,
KM_Weert,KM_Weert,GM0988_Weert,2050,Dit scenario is een regionalisatie van het Koersvaste Middenweg scenario van Netbeheer Nederland voor het jaar 2050,,TRUE,KM2050_custom_curves,
KM_Valkenburg aan de Geul,KM_Valkenburg aan de Geul,GM0994_Valkenburg aan de Geul,2050,Dit scenario is een regionalisatie van het Koersvaste Middenweg scenario van Netbeheer Nederland voor het jaar 2050,,TRUE,KM2050_custom_curves,
KM_Horst aan de Maas,KM_Horst aan de Maas,GM1507_Horst aan de Maas,2050,Dit scenario is een regionalisatie van het Koersvaste Middenweg scenario van Netbeheer Nederland voor het jaar 2050,,TRUE,KM2050_custom_curves,
KM_Leudal,KM_Leudal,GM1640_Leudal,2050,Dit scenario is een regionalisatie van het Koersvaste Middenweg scenario van Netbeheer Nederland voor het jaar 2050,,TRUE,KM2050_custom_curves,
KM_Maasgouw,KM_Maasgouw,GM1641_Maasgouw,2050,Dit scenario is een regionalisatie van het Koersvaste Middenweg scenario van Netbeheer Nederland voor het jaar 2050,,TRUE,KM2050_custom_curves,
KM_Roerdalen,KM_Roerdalen,GM1669_Roerdalen,2050,Dit scenario is een regionalisatie van het Koersvaste Middenweg scenario van Netbeheer Nederland voor het jaar 2050,,TRUE,KM2050_custom_curves,
KM_Echt-Susteren,KM_Echt-Susteren,GM1711_Echt-Susteren,2050,Dit scenario is een regionalisatie van het Koersvaste Middenweg scenario van Netbeheer Nederland voor het jaar 2050,,TRUE,KM2050_custom_curves,
KM_Gulpen-Wittem,KM_Gulpen-Wittem,GM1729_Gulpen-Wittem,2050,Dit scenario is een regionalisatie van het Koersvaste Middenweg scenario van Netbeheer Nederland voor het jaar 2050,,TRUE,KM2050_custom_curves,
KM_Sittard-Geleen,KM_Sittard-Geleen,GM1883_Sittard-Geleen,2050,Dit scenario is een regionalisatie van het Koersvaste Middenweg scenario van Netbeheer Nederland voor het jaar 2050,,TRUE,KM2050_custom_curves,
KM_Peel en Maas,KM_Peel en Maas,GM1894_Peel en Maas,2050,Dit scenario is een regionalisatie van het Koersvaste Middenweg scenario van Netbeheer Nederland voor het jaar 2050,,TRUE,KM2050_custom_curves,
KM_Eijsden-Margraten,KM_Eijsden-Margraten,GM1903_Eijsden-Margraten,2050,Dit scenario is een regionalisatie van het Koersvaste Middenweg scenario van Netbeheer Nederland voor het jaar 2050,,TRUE,KM2050_custom_curves,
KM_Beekdaelen,KM_Beekdaelen,GM1954_Beekdaelen,2050,Dit scenario is een regionalisatie van het Koersvaste Middenweg scenario van Netbeheer Nederland voor het jaar 2050,,TRUE,KM2050_custom_curves,
KM_Asten,KM_Asten,GM0743_Asten,2050,Dit scenario is een regionalisatie van het Koersvaste Middenweg scenario van Netbeheer Nederland voor het jaar 2050,,TRUE,KM2050_custom_curves,
KM_Baarle-Nassau,KM_Baarle-Nassau,GM0744_Baarle-Nassau,2050,Dit scenario is een regionalisatie van het Koersvaste Middenweg scenario van Netbeheer Nederland voor het jaar 2050,,TRUE,KM2050_custom_curves,
KM_Bergen op Zoom,KM_Bergen op Zoom,GM0748_Bergen op Zoom,2050,Dit scenario is een regionalisatie van het Koersvaste Middenweg scenario van Netbeheer Nederland voor het jaar 2050,,TRUE,KM2050_custom_curves,
KM_Best,KM_Best,GM0753_Best,2050,Dit scenario is een regionalisatie van het Koersvaste Middenweg scenario van Netbeheer Nederland voor het jaar 2050,,TRUE,KM2050_custom_curves,
KM_Boekel,KM_Boekel,GM0755_Boekel,2050,Dit scenario is een regionalisatie van het Koersvaste Middenweg scenario van Netbeheer Nederland voor het jaar 2050,,TRUE,KM2050_custom_curves,
KM_Boxmeer,KM_Boxmeer,GM0756_Boxmeer,2050,Dit scenario is een regionalisatie van het Koersvaste Middenweg scenario van Netbeheer Nederland voor het jaar 2050,,TRUE,KM2050_custom_curves,
KM_Boxtel,KM_Boxtel,GM0757_Boxtel,2050,Dit scenario is een regionalisatie van het Koersvaste Middenweg scenario van Netbeheer Nederland voor het jaar 2050,,TRUE,KM2050_custom_curves,
KM_Breda,KM_Breda,GM0758_Breda,2050,Dit scenario is een regionalisatie van het Koersvaste Middenweg scenario van Netbeheer Nederland voor het jaar 2050,,TRUE,KM2050_custom_curves,
KM_Deurne,KM_Deurne,GM0762_Deurne,2050,Dit scenario is een regionalisatie van het Koersvaste Middenweg scenario van Netbeheer Nederland voor het jaar 2050,,TRUE,KM2050_custom_curves,
KM_Dongen,KM_Dongen,GM0766_Dongen,2050,Dit scenario is een regionalisatie van het Koersvaste Middenweg scenario van Netbeheer Nederland voor het jaar 2050,,TRUE,KM2050_custom_curves,
KM_Eersel,KM_Eersel,GM0770_Eersel,2050,Dit scenario is een regionalisatie van het Koersvaste Middenweg scenario van Netbeheer Nederland voor het jaar 2050,,TRUE,KM2050_custom_curves,
KM_Eindhoven,KM_Eindhoven,GM0772_Eindhoven,2050,Dit scenario is een regionalisatie van het Koersvaste Middenweg scenario van Netbeheer Nederland voor het jaar 2050,,TRUE,KM2050_custom_curves,
KM_Etten-Leur,KM_Etten-Leur,GM0777_Etten-Leur,2050,Dit scenario is een regionalisatie van het Koersvaste Middenweg scenario van Netbeheer Nederland voor het jaar 2050,,TRUE,KM2050_custom_curves,
KM_Geertruidenberg,KM_Geertruidenberg,GM0779_Geertruidenberg,2050,Dit scenario is een regionalisatie van het Koersvaste Middenweg scenario van Netbeheer Nederland voor het jaar 2050,,TRUE,KM2050_custom_curves,
KM_Gilze en Rijen,KM_Gilze en Rijen,GM0784_Gilze en Rijen,2050,Dit scenario is een regionalisatie van het Koersvaste Middenweg scenario van Netbeheer Nederland voor het jaar 2050,,TRUE,KM2050_custom_curves,
KM_Goirle,KM_Goirle,GM0785_Goirle,2050,Dit scenario is een regionalisatie van het Koersvaste Middenweg scenario van Netbeheer Nederland voor het jaar 2050,,TRUE,KM2050_custom_curves,
KM_Grave,KM_Grave,GM0786_Grave,2050,Dit scenario is een regionalisatie van het Koersvaste Middenweg scenario van Netbeheer Nederland voor het jaar 2050,,TRUE,KM2050_custom_curves,
KM_Helmond,KM_Helmond,GM0794_Helmond,2050,Dit scenario is een regionalisatie van het Koersvaste Middenweg scenario van Netbeheer Nederland voor het jaar 2050,,TRUE,KM2050_custom_curves,
KM_'s-Hertogenbosch,KM_'s-Hertogenbosch,GM0796_'s-Hertogenbosch,2050,Dit scenario is een regionalisatie van het Koersvaste Middenweg scenario van Netbeheer Nederland voor het jaar 2050,,TRUE,KM2050_custom_curves,
KM_Heusden,KM_Heusden,GM0797_Heusden,2050,Dit scenario is een regionalisatie van het Koersvaste Middenweg scenario van Netbeheer Nederland voor het jaar 2050,,TRUE,KM2050_custom_curves,
KM_Hilvarenbeek,KM_Hilvarenbeek,GM0798_Hilvarenbeek,2050,Dit scenario is een regionalisatie van het Koersvaste Middenweg scenario van Netbeheer Nederland voor het jaar 2050,,TRUE,KM2050_custom_curves,
KM_Loon op Zand,KM_Loon op Zand,GM0809_Loon op Zand,2050,Dit scenario is een regionalisatie van het Koersvaste Middenweg scenario van Netbeheer Nederland voor het jaar 2050,,TRUE,KM2050_custom_curves,
KM_Mill en Sint Hubert,KM_Mill en Sint Hubert,GM0815_Mill en Sint Hubert,2050,Dit scenario is een regionalisatie van het Koersvaste Middenweg scenario van Netbeheer Nederland voor het jaar 2050,,TRUE,KM2050_custom_curves,
"KM_Nuenen, Gerwen en Nederwetten","KM_Nuenen, Gerwen en Nederwetten","GM0820_Nuenen, Gerwen en Nederwetten",2050,Dit scenario is een regionalisatie van het Koersvaste Middenweg scenario van Netbeheer Nederland voor het jaar 2050,,TRUE,KM2050_custom_curves,
KM_Oirschot,KM_Oirschot,GM0823_Oirschot,2050,Dit scenario is een regionalisatie van het Koersvaste Middenweg scenario van Netbeheer Nederland voor het jaar 2050,,TRUE,KM2050_custom_curves,
KM_Oisterwijk,KM_Oisterwijk,GM0824_Oisterwijk,2050,Dit scenario is een regionalisatie van het Koersvaste Middenweg scenario van Netbeheer Nederland voor het jaar 2050,,TRUE,KM2050_custom_curves,
KM_Oosterhout,KM_Oosterhout,GM0826_Oosterhout,2050,Dit scenario is een regionalisatie van het Koersvaste Middenweg scenario van Netbeheer Nederland voor het jaar 2050,,TRUE,KM2050_custom_curves,
KM_Oss,KM_Oss,GM0828_Oss,2050,Dit scenario is een regionalisatie van het Koersvaste Middenweg scenario van Netbeheer Nederland voor het jaar 2050,,TRUE,KM2050_custom_curves,
KM_Rucphen,KM_Rucphen,GM0840_Rucphen,2050,Dit scenario is een regionalisatie van het Koersvaste Middenweg scenario van Netbeheer Nederland voor het jaar 2050,,TRUE,KM2050_custom_curves,
KM_Sint-Michielsgestel,KM_Sint-Michielsgestel,GM0845_Sint-Michielsgestel,2050,Dit scenario is een regionalisatie van het Koersvaste Middenweg scenario van Netbeheer Nederland voor het jaar 2050,,TRUE,KM2050_custom_curves,
KM_Someren,KM_Someren,GM0847_Someren,2050,Dit scenario is een regionalisatie van het Koersvaste Middenweg scenario van Netbeheer Nederland voor het jaar 2050,,TRUE,KM2050_custom_curves,
KM_Son en Breugel,KM_Son en Breugel,GM0848_Son en Breugel,2050,Dit scenario is een regionalisatie van het Koersvaste Middenweg scenario van Netbeheer Nederland voor het jaar 2050,,TRUE,KM2050_custom_curves,
KM_Steenbergen,KM_Steenbergen,GM0851_Steenbergen,2050,Dit scenario is een regionalisatie van het Koersvaste Middenweg scenario van Netbeheer Nederland voor het jaar 2050,,TRUE,KM2050_custom_curves,
KM_Tilburg,KM_Tilburg,GM0855_Tilburg,2050,Dit scenario is een regionalisatie van het Koersvaste Middenweg scenario van Netbeheer Nederland voor het jaar 2050,,TRUE,KM2050_custom_curves,
KM_Uden,KM_Uden,GM0856_Uden,2050,Dit scenario is een regionalisatie van het Koersvaste Middenweg scenario van Netbeheer Nederland voor het jaar 2050,,TRUE,KM2050_custom_curves,
KM_Valkenswaard,KM_Valkenswaard,GM0858_Valkenswaard,2050,Dit scenario is een regionalisatie van het Koersvaste Middenweg scenario van Netbeheer Nederland voor het jaar 2050,,TRUE,KM2050_custom_curves,
KM_Veldhoven,KM_Veldhoven,GM0861_Veldhoven,2050,Dit scenario is een regionalisatie van het Koersvaste Middenweg scenario van Netbeheer Nederland voor het jaar 2050,,TRUE,KM2050_custom_curves,
KM_Vught,KM_Vught,GM0865_Vught,2050,Dit scenario is een regionalisatie van het Koersvaste Middenweg scenario van Netbeheer Nederland voor het jaar 2050,,TRUE,KM2050_custom_curves,
KM_Waalre,KM_Waalre,GM0866_Waalre,2050,Dit scenario is een regionalisatie van het Koersvaste Middenweg scenario van Netbeheer Nederland voor het jaar 2050,,TRUE,KM2050_custom_curves,
KM_Waalwijk,KM_Waalwijk,GM0867_Waalwijk,2050,Dit scenario is een regionalisatie van het Koersvaste Middenweg scenario van Netbeheer Nederland voor het jaar 2050,,TRUE,KM2050_custom_curves,
KM_Woensdrecht,KM_Woensdrecht,GM0873_Woensdrecht,2050,Dit scenario is een regionalisatie van het Koersvaste Middenweg scenario van Netbeheer Nederland voor het jaar 2050,,TRUE,KM2050_custom_curves,
KM_Zundert,KM_Zundert,GM0879_Zundert,2050,Dit scenario is een regionalisatie van het Koersvaste Middenweg scenario van Netbeheer Nederland voor het jaar 2050,,TRUE,KM2050_custom_curves,
KM_Gemert-Bakel,KM_Gemert-Bakel,GM1652_Gemert-Bakel,2050,Dit scenario is een regionalisatie van het Koersvaste Middenweg scenario van Netbeheer Nederland voor het jaar 2050,,TRUE,KM2050_custom_curves,
KM_Halderberge,KM_Halderberge,GM1655_Halderberge,2050,Dit scenario is een regionalisatie van het Koersvaste Middenweg scenario van Netbeheer Nederland voor het jaar 2050,,TRUE,KM2050_custom_curves,
KM_Heeze-Leende,KM_Heeze-Leende,GM1658_Heeze-Leende,2050,Dit scenario is een regionalisatie van het Koersvaste Middenweg scenario van Netbeheer Nederland voor het jaar 2050,,TRUE,KM2050_custom_curves,
KM_Laarbeek,KM_Laarbeek,GM1659_Laarbeek,2050,Dit scenario is een regionalisatie van het Koersvaste Middenweg scenario van Netbeheer Nederland voor het jaar 2050,,TRUE,KM2050_custom_curves,
KM_Reusel-De Mierden,KM_Reusel-De Mierden,GM1667_Reusel-De Mierden,2050,Dit scenario is een regionalisatie van het Koersvaste Middenweg scenario van Netbeheer Nederland voor het jaar 2050,,TRUE,KM2050_custom_curves,
KM_Roosendaal,KM_Roosendaal,GM1674_Roosendaal,2050,Dit scenario is een regionalisatie van het Koersvaste Middenweg scenario van Netbeheer Nederland voor het jaar 2050,,TRUE,KM2050_custom_curves,
KM_Cuijk,KM_Cuijk,GM1684_Cuijk,2050,Dit scenario is een regionalisatie van het Koersvaste Middenweg scenario van Netbeheer Nederland voor het jaar 2050,,TRUE,KM2050_custom_curves,
KM_Landerd,KM_Landerd,GM1685_Landerd,2050,Dit scenario is een regionalisatie van het Koersvaste Middenweg scenario van Netbeheer Nederland voor het jaar 2050,,TRUE,KM2050_custom_curves,
KM_Sint Anthonis,KM_Sint Anthonis,GM1702_Sint Anthonis,2050,Dit scenario is een regionalisatie van het Koersvaste Middenweg scenario van Netbeheer Nederland voor het jaar 2050,,TRUE,KM2050_custom_curves,
KM_Cranendonck,KM_Cranendonck,GM1706_Cranendonck,2050,Dit scenario is een regionalisatie van het Koersvaste Middenweg scenario van Netbeheer Nederland voor het jaar 2050,,TRUE,KM2050_custom_curves,
KM_Moerdijk,KM_Moerdijk,GM1709_Moerdijk,2050,Dit scenario is een regionalisatie van het Koersvaste Middenweg scenario van Netbeheer Nederland voor het jaar 2050,,TRUE,KM2050_custom_curves,
KM_Drimmelen,KM_Drimmelen,GM1719_Drimmelen,2050,Dit scenario is een regionalisatie van het Koersvaste Middenweg scenario van Netbeheer Nederland voor het jaar 2050,,TRUE,KM2050_custom_curves,
KM_Bernheze,KM_Bernheze,GM1721_Bernheze,2050,Dit scenario is een regionalisatie van het Koersvaste Middenweg scenario van Netbeheer Nederland voor het jaar 2050,,TRUE,KM2050_custom_curves,
KM_Alphen-Chaam,KM_Alphen-Chaam,GM1723_Alphen-Chaam,2050,Dit scenario is een regionalisatie van het Koersvaste Middenweg scenario van Netbeheer Nederland voor het jaar 2050,,TRUE,KM2050_custom_curves,
KM_Bergeijk,KM_Bergeijk,GM1724_Bergeijk,2050,Dit scenario is een regionalisatie van het Koersvaste Middenweg scenario van Netbeheer Nederland voor het jaar 2050,,TRUE,KM2050_custom_curves,
KM_Bladel,KM_Bladel,GM1728_Bladel,2050,Dit scenario is een regionalisatie van het Koersvaste Middenweg scenario van Netbeheer Nederland voor het jaar 2050,,TRUE,KM2050_custom_curves,
KM_Geldrop-Mierlo,KM_Geldrop-Mierlo,GM1771_Geldrop-Mierlo,2050,Dit scenario is een regionalisatie van het Koersvaste Middenweg scenario van Netbeheer Nederland voor het jaar 2050,,TRUE,KM2050_custom_curves,
KM_Meierijstad,KM_Meierijstad,GM1948_Meierijstad,2050,Dit scenario is een regionalisatie van het Koersvaste Middenweg scenario van Netbeheer Nederland voor het jaar 2050,,TRUE,KM2050_custom_curves,
KM_Altena,KM_Altena,GM1959_Altena,2050,Dit scenario is een regionalisatie van het Koersvaste Middenweg scenario van Netbeheer Nederland voor het jaar 2050,,TRUE,KM2050_custom_curves,
KM_Aalsmeer,KM_Aalsmeer,GM0358_Aalsmeer,2050,Dit scenario is een regionalisatie van het Koersvaste Middenweg scenario van Netbeheer Nederland voor het jaar 2050,,TRUE,KM2050_custom_curves,
KM_Alkmaar,KM_Alkmaar,GM0361_Alkmaar,2050,Dit scenario is een regionalisatie van het Koersvaste Middenweg scenario van Netbeheer Nederland voor het jaar 2050,,TRUE,KM2050_custom_curves,
KM_Amstelveen,KM_Amstelveen,GM0362_Amstelveen,2050,Dit scenario is een regionalisatie van het Koersvaste Middenweg scenario van Netbeheer Nederland voor het jaar 2050,,TRUE,KM2050_custom_curves,
KM_Amsterdam,KM_Amsterdam,GM0363_Amsterdam,2050,Dit scenario is een regionalisatie van het Koersvaste Middenweg scenario van Netbeheer Nederland voor het jaar 2050,,TRUE,KM2050_custom_curves,
KM_Beemster,KM_Beemster,GM0370_Beemster,2050,Dit scenario is een regionalisatie van het Koersvaste Middenweg scenario van Netbeheer Nederland voor het jaar 2050,,TRUE,KM2050_custom_curves,
KM_Bergen (NH.),KM_Bergen (NH.),GM0373_Bergen (NH.),2050,Dit scenario is een regionalisatie van het Koersvaste Middenweg scenario van Netbeheer Nederland voor het jaar 2050,,TRUE,KM2050_custom_curves,
KM_Beverwijk,KM_Beverwijk,GM0375_Beverwijk,2050,Dit scenario is een regionalisatie van het Koersvaste Middenweg scenario van Netbeheer Nederland voor het jaar 2050,,TRUE,KM2050_custom_curves,
KM_Blaricum,KM_Blaricum,GM0376_Blaricum,2050,Dit scenario is een regionalisatie van het Koersvaste Middenweg scenario van Netbeheer Nederland voor het jaar 2050,,TRUE,KM2050_custom_curves,
KM_Bloemendaal,KM_Bloemendaal,GM0377_Bloemendaal,2050,Dit scenario is een regionalisatie van het Koersvaste Middenweg scenario van Netbeheer Nederland voor het jaar 2050,,TRUE,KM2050_custom_curves,
KM_Castricum,KM_Castricum,GM0383_Castricum,2050,Dit scenario is een regionalisatie van het Koersvaste Middenweg scenario van Netbeheer Nederland voor het jaar 2050,,TRUE,KM2050_custom_curves,
KM_Diemen,KM_Diemen,GM0384_Diemen,2050,Dit scenario is een regionalisatie van het Koersvaste Middenweg scenario van Netbeheer Nederland voor het jaar 2050,,TRUE,KM2050_custom_curves,
KM_Edam-Volendam,KM_Edam-Volendam,GM0385_Edam-Volendam,2050,Dit scenario is een regionalisatie van het Koersvaste Middenweg scenario van Netbeheer Nederland voor het jaar 2050,,TRUE,KM2050_custom_curves,
KM_Enkhuizen,KM_Enkhuizen,GM0388_Enkhuizen,2050,Dit scenario is een regionalisatie van het Koersvaste Middenweg scenario van Netbeheer Nederland voor het jaar 2050,,TRUE,KM2050_custom_curves,
KM_Haarlem,KM_Haarlem,GM0392_Haarlem,2050,Dit scenario is een regionalisatie van het Koersvaste Middenweg scenario van Netbeheer Nederland voor het jaar 2050,,TRUE,KM2050_custom_curves,
KM_Haarlemmermeer,KM_Haarlemmermeer,GM0394_Haarlemmermeer,2050,Dit scenario is een regionalisatie van het Koersvaste Middenweg scenario van Netbeheer Nederland voor het jaar 2050,,TRUE,KM2050_custom_curves,
KM_Heemskerk,KM_Heemskerk,GM0396_Heemskerk,2050,Dit scenario is een regionalisatie van het Koersvaste Middenweg scenario van Netbeheer Nederland voor het jaar 2050,,TRUE,KM2050_custom_curves,
KM_Heemstede,KM_Heemstede,GM0397_Heemstede,2050,Dit scenario is een regionalisatie van het Koersvaste Middenweg scenario van Netbeheer Nederland voor het jaar 2050,,TRUE,KM2050_custom_curves,
KM_Heerhugowaard,KM_Heerhugowaard,GM0398_Heerhugowaard,2050,Dit scenario is een regionalisatie van het Koersvaste Middenweg scenario van Netbeheer Nederland voor het jaar 2050,,TRUE,KM2050_custom_curves,
KM_Heiloo,KM_Heiloo,GM0399_Heiloo,2050,Dit scenario is een regionalisatie van het Koersvaste Middenweg scenario van Netbeheer Nederland voor het jaar 2050,,TRUE,KM2050_custom_curves,
KM_Den Helder,KM_Den Helder,GM0400_Den Helder,2050,Dit scenario is een regionalisatie van het Koersvaste Middenweg scenario van Netbeheer Nederland voor het jaar 2050,,TRUE,KM2050_custom_curves,
KM_Hilversum,KM_Hilversum,GM0402_Hilversum,2050,Dit scenario is een regionalisatie van het Koersvaste Middenweg scenario van Netbeheer Nederland voor het jaar 2050,,TRUE,KM2050_custom_curves,
KM_Hoorn,KM_Hoorn,GM0405_Hoorn,2050,Dit scenario is een regionalisatie van het Koersvaste Middenweg scenario van Netbeheer Nederland voor het jaar 2050,,TRUE,KM2050_custom_curves,
KM_Huizen,KM_Huizen,GM0406_Huizen,2050,Dit scenario is een regionalisatie van het Koersvaste Middenweg scenario van Netbeheer Nederland voor het jaar 2050,,TRUE,KM2050_custom_curves,
KM_Landsmeer,KM_Landsmeer,GM0415_Landsmeer,2050,Dit scenario is een regionalisatie van het Koersvaste Middenweg scenario van Netbeheer Nederland voor het jaar 2050,,TRUE,KM2050_custom_curves,
KM_Langedijk,KM_Langedijk,GM0416_Langedijk,2050,Dit scenario is een regionalisatie van het Koersvaste Middenweg scenario van Netbeheer Nederland voor het jaar 2050,,TRUE,KM2050_custom_curves,
KM_Laren,KM_Laren,GM0417_Laren,2050,Dit scenario is een regionalisatie van het Koersvaste Middenweg scenario van Netbeheer Nederland voor het jaar 2050,,TRUE,KM2050_custom_curves,
KM_Medemblik,KM_Medemblik,GM0420_Medemblik,2050,Dit scenario is een regionalisatie van het Koersvaste Middenweg scenario van Netbeheer Nederland voor het jaar 2050,,TRUE,KM2050_custom_curves,
KM_Oostzaan,KM_Oostzaan,GM0431_Oostzaan,2050,Dit scenario is een regionalisatie van het Koersvaste Middenweg scenario van Netbeheer Nederland voor het jaar 2050,,TRUE,KM2050_custom_curves,
KM_Opmeer,KM_Opmeer,GM0432_Opmeer,2050,Dit scenario is een regionalisatie van het Koersvaste Middenweg scenario van Netbeheer Nederland voor het jaar 2050,,TRUE,KM2050_custom_curves,
KM_Ouder-Amstel,KM_Ouder-Amstel,GM0437_Ouder-Amstel,2050,Dit scenario is een regionalisatie van het Koersvaste Middenweg scenario van Netbeheer Nederland voor het jaar 2050,,TRUE,KM2050_custom_curves,
KM_Purmerend,KM_Purmerend,GM0439_Purmerend,2050,Dit scenario is een regionalisatie van het Koersvaste Middenweg scenario van Netbeheer Nederland voor het jaar 2050,,TRUE,KM2050_custom_curves,
KM_Schagen,KM_Schagen,GM0441_Schagen,2050,Dit scenario is een regionalisatie van het Koersvaste Middenweg scenario van Netbeheer Nederland voor het jaar 2050,,TRUE,KM2050_custom_curves,
KM_Texel,KM_Texel,GM0448_Texel,2050,Dit scenario is een regionalisatie van het Koersvaste Middenweg scenario van Netbeheer Nederland voor het jaar 2050,,TRUE,KM2050_custom_curves,
KM_Uitgeest,KM_Uitgeest,GM0450_Uitgeest,2050,Dit scenario is een regionalisatie van het Koersvaste Middenweg scenario van Netbeheer Nederland voor het jaar 2050,,TRUE,KM2050_custom_curves,
KM_Uithoorn,KM_Uithoorn,GM0451_Uithoorn,2050,Dit scenario is een regionalisatie van het Koersvaste Middenweg scenario van Netbeheer Nederland voor het jaar 2050,,TRUE,KM2050_custom_curves,
KM_Velsen,KM_Velsen,GM0453_Velsen,2050,Dit scenario is een regionalisatie van het Koersvaste Middenweg scenario van Netbeheer Nederland voor het jaar 2050,,TRUE,KM2050_custom_curves,
KM_Weesp,KM_Weesp,GM0457_Weesp,2050,Dit scenario is een regionalisatie van het Koersvaste Middenweg scenario van Netbeheer Nederland voor het jaar 2050,,TRUE,KM2050_custom_curves,
KM_Zandvoort,KM_Zandvoort,GM0473_Zandvoort,2050,Dit scenario is een regionalisatie van het Koersvaste Middenweg scenario van Netbeheer Nederland voor het jaar 2050,,TRUE,KM2050_custom_curves,
KM_Zaanstad,KM_Zaanstad,GM0479_Zaanstad,2050,Dit scenario is een regionalisatie van het Koersvaste Middenweg scenario van Netbeheer Nederland voor het jaar 2050,,TRUE,KM2050_custom_curves,
KM_Drechterland,KM_Drechterland,GM0498_Drechterland,2050,Dit scenario is een regionalisatie van het Koersvaste Middenweg scenario van Netbeheer Nederland voor het jaar 2050,,TRUE,KM2050_custom_curves,
KM_Stede Broec,KM_Stede Broec,GM0532_Stede Broec,2050,Dit scenario is een regionalisatie van het Koersvaste Middenweg scenario van Netbeheer Nederland voor het jaar 2050,,TRUE,KM2050_custom_curves,
KM_Waterland,KM_Waterland,GM0852_Waterland,2050,Dit scenario is een regionalisatie van het Koersvaste Middenweg scenario van Netbeheer Nederland voor het jaar 2050,,TRUE,KM2050_custom_curves,
KM_Wormerland,KM_Wormerland,GM0880_Wormerland,2050,Dit scenario is een regionalisatie van het Koersvaste Middenweg scenario van Netbeheer Nederland voor het jaar 2050,,TRUE,KM2050_custom_curves,
KM_Koggenland,KM_Koggenland,GM1598_Koggenland,2050,Dit scenario is een regionalisatie van het Koersvaste Middenweg scenario van Netbeheer Nederland voor het jaar 2050,,TRUE,KM2050_custom_curves,
KM_Wijdemeren,KM_Wijdemeren,GM1696_Wijdemeren,2050,Dit scenario is een regionalisatie van het Koersvaste Middenweg scenario van Netbeheer Nederland voor het jaar 2050,,TRUE,KM2050_custom_curves,
KM_Hollands Kroon,KM_Hollands Kroon,GM1911_Hollands Kroon,2050,Dit scenario is een regionalisatie van het Koersvaste Middenweg scenario van Netbeheer Nederland voor het jaar 2050,,TRUE,KM2050_custom_curves,
KM_Gooise Meren,KM_Gooise Meren,GM1942_Gooise Meren,2050,Dit scenario is een regionalisatie van het Koersvaste Middenweg scenario van Netbeheer Nederland voor het jaar 2050,,TRUE,KM2050_custom_curves,
KM_Almelo,KM_Almelo,GM0141_Almelo,2050,Dit scenario is een regionalisatie van het Koersvaste Middenweg scenario van Netbeheer Nederland voor het jaar 2050,,TRUE,KM2050_custom_curves,
KM_Borne,KM_Borne,GM0147_Borne,2050,Dit scenario is een regionalisatie van het Koersvaste Middenweg scenario van Netbeheer Nederland voor het jaar 2050,,TRUE,KM2050_custom_curves,
KM_Dalfsen,KM_Dalfsen,GM0148_Dalfsen,2050,Dit scenario is een regionalisatie van het Koersvaste Middenweg scenario van Netbeheer Nederland voor het jaar 2050,,TRUE,KM2050_custom_curves,
KM_Deventer,KM_Deventer,GM0150_Deventer,2050,Dit scenario is een regionalisatie van het Koersvaste Middenweg scenario van Netbeheer Nederland voor het jaar 2050,,TRUE,KM2050_custom_curves,
KM_Enschede,KM_Enschede,GM0153_Enschede,2050,Dit scenario is een regionalisatie van het Koersvaste Middenweg scenario van Netbeheer Nederland voor het jaar 2050,,TRUE,KM2050_custom_curves,
KM_Haaksbergen,KM_Haaksbergen,GM0158_Haaksbergen,2050,Dit scenario is een regionalisatie van het Koersvaste Middenweg scenario van Netbeheer Nederland voor het jaar 2050,,TRUE,KM2050_custom_curves,
KM_Hardenberg,KM_Hardenberg,GM0160_Hardenberg,2050,Dit scenario is een regionalisatie van het Koersvaste Middenweg scenario van Netbeheer Nederland voor het jaar 2050,,TRUE,KM2050_custom_curves,
KM_Hellendoorn,KM_Hellendoorn,GM0163_Hellendoorn,2050,Dit scenario is een regionalisatie van het Koersvaste Middenweg scenario van Netbeheer Nederland voor het jaar 2050,,TRUE,KM2050_custom_curves,
KM_Hengelo,KM_Hengelo,GM0164_Hengelo,2050,Dit scenario is een regionalisatie van het Koersvaste Middenweg scenario van Netbeheer Nederland voor het jaar 2050,,TRUE,KM2050_custom_curves,
KM_Kampen,KM_Kampen,GM0166_Kampen,2050,Dit scenario is een regionalisatie van het Koersvaste Middenweg scenario van Netbeheer Nederland voor het jaar 2050,,TRUE,KM2050_custom_curves,
KM_Losser,KM_Losser,GM0168_Losser,2050,Dit scenario is een regionalisatie van het Koersvaste Middenweg scenario van Netbeheer Nederland voor het jaar 2050,,TRUE,KM2050_custom_curves,
KM_Oldenzaal,KM_Oldenzaal,GM0173_Oldenzaal,2050,Dit scenario is een regionalisatie van het Koersvaste Middenweg scenario van Netbeheer Nederland voor het jaar 2050,,TRUE,KM2050_custom_curves,
KM_Ommen,KM_Ommen,GM0175_Ommen,2050,Dit scenario is een regionalisatie van het Koersvaste Middenweg scenario van Netbeheer Nederland voor het jaar 2050,,TRUE,KM2050_custom_curves,
KM_Raalte,KM_Raalte,GM0177_Raalte,2050,Dit scenario is een regionalisatie van het Koersvaste Middenweg scenario van Netbeheer Nederland voor het jaar 2050,,TRUE,KM2050_custom_curves,
KM_Staphorst,KM_Staphorst,GM0180_Staphorst,2050,Dit scenario is een regionalisatie van het Koersvaste Middenweg scenario van Netbeheer Nederland voor het jaar 2050,,TRUE,KM2050_custom_curves,
KM_Tubbergen,KM_Tubbergen,GM0183_Tubbergen,2050,Dit scenario is een regionalisatie van het Koersvaste Middenweg scenario van Netbeheer Nederland voor het jaar 2050,,TRUE,KM2050_custom_curves,
KM_Wierden,KM_Wierden,GM0189_Wierden,2050,Dit scenario is een regionalisatie van het Koersvaste Middenweg scenario van Netbeheer Nederland voor het jaar 2050,,TRUE,KM2050_custom_curves,
KM_Zwolle,KM_Zwolle,GM0193_Zwolle,2050,Dit scenario is een regionalisatie van het Koersvaste Middenweg scenario van Netbeheer Nederland voor het jaar 2050,,TRUE,KM2050_custom_curves,
KM_Twenterand,KM_Twenterand,GM1700_Twenterand,2050,Dit scenario is een regionalisatie van het Koersvaste Middenweg scenario van Netbeheer Nederland voor het jaar 2050,,TRUE,KM2050_custom_curves,
KM_Steenwijkerland,KM_Steenwijkerland,GM1708_Steenwijkerland,2050,Dit scenario is een regionalisatie van het Koersvaste Middenweg scenario van Netbeheer Nederland voor het jaar 2050,,TRUE,KM2050_custom_curves,
KM_Hof van Twente,KM_Hof van Twente,GM1735_Hof van Twente,2050,Dit scenario is een regionalisatie van het Koersvaste Middenweg scenario van Netbeheer Nederland voor het jaar 2050,,TRUE,KM2050_custom_curves,
KM_Rijssen-Holten,KM_Rijssen-Holten,GM1742_Rijssen-Holten,2050,Dit scenario is een regionalisatie van het Koersvaste Middenweg scenario van Netbeheer Nederland voor het jaar 2050,,TRUE,KM2050_custom_curves,
KM_Olst-Wijhe,KM_Olst-Wijhe,GM1773_Olst-Wijhe,2050,Dit scenario is een regionalisatie van het Koersvaste Middenweg scenario van Netbeheer Nederland voor het jaar 2050,,TRUE,KM2050_custom_curves,
KM_Dinkelland,KM_Dinkelland,GM1774_Dinkelland,2050,Dit scenario is een regionalisatie van het Koersvaste Middenweg scenario van Netbeheer Nederland voor het jaar 2050,,TRUE,KM2050_custom_curves,
KM_Zwartewaterland,KM_Zwartewaterland,GM1896_Zwartewaterland,2050,Dit scenario is een regionalisatie van het Koersvaste Middenweg scenario van Netbeheer Nederland voor het jaar 2050,,TRUE,KM2050_custom_curves,
KM_Amersfoort,KM_Amersfoort,GM0307_Amersfoort,2050,Dit scenario is een regionalisatie van het Koersvaste Middenweg scenario van Netbeheer Nederland voor het jaar 2050,,TRUE,KM2050_custom_curves,
KM_Baarn,KM_Baarn,GM0308_Baarn,2050,Dit scenario is een regionalisatie van het Koersvaste Middenweg scenario van Netbeheer Nederland voor het jaar 2050,,TRUE,KM2050_custom_curves,
KM_De Bilt,KM_De Bilt,GM0310_De Bilt,2050,Dit scenario is een regionalisatie van het Koersvaste Middenweg scenario van Netbeheer Nederland voor het jaar 2050,,TRUE,KM2050_custom_curves,
KM_Bunnik,KM_Bunnik,GM0312_Bunnik,2050,Dit scenario is een regionalisatie van het Koersvaste Middenweg scenario van Netbeheer Nederland voor het jaar 2050,,TRUE,KM2050_custom_curves,
KM_Bunschoten,KM_Bunschoten,GM0313_Bunschoten,2050,Dit scenario is een regionalisatie van het Koersvaste Middenweg scenario van Netbeheer Nederland voor het jaar 2050,,TRUE,KM2050_custom_curves,
KM_Eemnes,KM_Eemnes,GM0317_Eemnes,2050,Dit scenario is een regionalisatie van het Koersvaste Middenweg scenario van Netbeheer Nederland voor het jaar 2050,,TRUE,KM2050_custom_curves,
KM_Houten,KM_Houten,GM0321_Houten,2050,Dit scenario is een regionalisatie van het Koersvaste Middenweg scenario van Netbeheer Nederland voor het jaar 2050,,TRUE,KM2050_custom_curves,
KM_Leusden,KM_Leusden,GM0327_Leusden,2050,Dit scenario is een regionalisatie van het Koersvaste Middenweg scenario van Netbeheer Nederland voor het jaar 2050,,TRUE,KM2050_custom_curves,
KM_Lopik,KM_Lopik,GM0331_Lopik,2050,Dit scenario is een regionalisatie van het Koersvaste Middenweg scenario van Netbeheer Nederland voor het jaar 2050,,TRUE,KM2050_custom_curves,
KM_Montfoort,KM_Montfoort,GM0335_Montfoort,2050,Dit scenario is een regionalisatie van het Koersvaste Middenweg scenario van Netbeheer Nederland voor het jaar 2050,,TRUE,KM2050_custom_curves,
KM_Renswoude,KM_Renswoude,GM0339_Renswoude,2050,Dit scenario is een regionalisatie van het Koersvaste Middenweg scenario van Netbeheer Nederland voor het jaar 2050,,TRUE,KM2050_custom_curves,
KM_Rhenen,KM_Rhenen,GM0340_Rhenen,2050,Dit scenario is een regionalisatie van het Koersvaste Middenweg scenario van Netbeheer Nederland voor het jaar 2050,,TRUE,KM2050_custom_curves,
KM_Soest,KM_Soest,GM0342_Soest,2050,Dit scenario is een regionalisatie van het Koersvaste Middenweg scenario van Netbeheer Nederland voor het jaar 2050,,TRUE,KM2050_custom_curves,
KM_Utrecht,KM_Utrecht,GM0344_Utrecht,2050,Dit scenario is een regionalisatie van het Koersvaste Middenweg scenario van Netbeheer Nederland voor het jaar 2050,,TRUE,KM2050_custom_curves,
KM_Veenendaal,KM_Veenendaal,GM0345_Veenendaal,2050,Dit scenario is een regionalisatie van het Koersvaste Middenweg scenario van Netbeheer Nederland voor het jaar 2050,,TRUE,KM2050_custom_curves,
KM_Woudenberg,KM_Woudenberg,GM0351_Woudenberg,2050,Dit scenario is een regionalisatie van het Koersvaste Middenweg scenario van Netbeheer Nederland voor het jaar 2050,,TRUE,KM2050_custom_curves,
KM_Wijk bij Duurstede,KM_Wijk bij Duurstede,GM0352_Wijk bij Duurstede,2050,Dit scenario is een regionalisatie van het Koersvaste Middenweg scenario van Netbeheer Nederland voor het jaar 2050,,TRUE,KM2050_custom_curves,
KM_IJsselstein,KM_IJsselstein,GM0353_IJsselstein,2050,Dit scenario is een regionalisatie van het Koersvaste Middenweg scenario van Netbeheer Nederland voor het jaar 2050,,TRUE,KM2050_custom_curves,
KM_Zeist,KM_Zeist,GM0355_Zeist,2050,Dit scenario is een regionalisatie van het Koersvaste Middenweg scenario van Netbeheer Nederland voor het jaar 2050,,TRUE,KM2050_custom_curves,
KM_Nieuwegein,KM_Nieuwegein,GM0356_Nieuwegein,2050,Dit scenario is een regionalisatie van het Koersvaste Middenweg scenario van Netbeheer Nederland voor het jaar 2050,,TRUE,KM2050_custom_curves,
KM_Oudewater,KM_Oudewater,GM0589_Oudewater,2050,Dit scenario is een regionalisatie van het Koersvaste Middenweg scenario van Netbeheer Nederland voor het jaar 2050,,TRUE,KM2050_custom_curves,
KM_Woerden,KM_Woerden,GM0632_Woerden,2050,Dit scenario is een regionalisatie van het Koersvaste Middenweg scenario van Netbeheer Nederland voor het jaar 2050,,TRUE,KM2050_custom_curves,
KM_De Ronde Venen,KM_De Ronde Venen,GM0736_De Ronde Venen,2050,Dit scenario is een regionalisatie van het Koersvaste Middenweg scenario van Netbeheer Nederland voor het jaar 2050,,TRUE,KM2050_custom_curves,
KM_Utrechtse Heuvelrug,KM_Utrechtse Heuvelrug,GM1581_Utrechtse Heuvelrug,2050,Dit scenario is een regionalisatie van het Koersvaste Middenweg scenario van Netbeheer Nederland voor het jaar 2050,,TRUE,KM2050_custom_curves,
KM_Stichtse Vecht,KM_Stichtse Vecht,GM1904_Stichtse Vecht,2050,Dit scenario is een regionalisatie van het Koersvaste Middenweg scenario van Netbeheer Nederland voor het jaar 2050,,TRUE,KM2050_custom_curves,
KM_Vijfheerenlanden,KM_Vijfheerenlanden,GM1961_Vijfheerenlanden,2050,Dit scenario is een regionalisatie van het Koersvaste Middenweg scenario van Netbeheer Nederland voor het jaar 2050,,TRUE,KM2050_custom_curves,
KM_Borsele,KM_Borsele,GM0654_Borsele,2050,Dit scenario is een regionalisatie van het Koersvaste Middenweg scenario van Netbeheer Nederland voor het jaar 2050,,TRUE,KM2050_custom_curves,
KM_Goes,KM_Goes,GM0664_Goes,2050,Dit scenario is een regionalisatie van het Koersvaste Middenweg scenario van Netbeheer Nederland voor het jaar 2050,,TRUE,KM2050_custom_curves,
KM_Hulst,KM_Hulst,GM0677_Hulst,2050,Dit scenario is een regionalisatie van het Koersvaste Middenweg scenario van Netbeheer Nederland voor het jaar 2050,,TRUE,KM2050_custom_curves,
KM_Kapelle,KM_Kapelle,GM0678_Kapelle,2050,Dit scenario is een regionalisatie van het Koersvaste Middenweg scenario van Netbeheer Nederland voor het jaar 2050,,TRUE,KM2050_custom_curves,
KM_Middelburg,KM_Middelburg,GM0687_Middelburg,2050,Dit scenario is een regionalisatie van het Koersvaste Middenweg scenario van Netbeheer Nederland voor het jaar 2050,,TRUE,KM2050_custom_curves,
KM_Reimerswaal,KM_Reimerswaal,GM0703_Reimerswaal,2050,Dit scenario is een regionalisatie van het Koersvaste Middenweg scenario van Netbeheer Nederland voor het jaar 2050,,TRUE,KM2050_custom_curves,
KM_Terneuzen,KM_Terneuzen,GM0715_Terneuzen,2050,Dit scenario is een regionalisatie van het Koersvaste Middenweg scenario van Netbeheer Nederland voor het jaar 2050,,TRUE,KM2050_custom_curves,
KM_Tholen,KM_Tholen,GM0716_Tholen,2050,Dit scenario is een regionalisatie van het Koersvaste Middenweg scenario van Netbeheer Nederland voor het jaar 2050,,TRUE,KM2050_custom_curves,
KM_Veere,KM_Veere,GM0717_Veere,2050,Dit scenario is een regionalisatie van het Koersvaste Middenweg scenario van Netbeheer Nederland voor het jaar 2050,,TRUE,KM2050_custom_curves,
KM_Vlissingen,KM_Vlissingen,GM0718_Vlissingen,2050,Dit scenario is een regionalisatie van het Koersvaste Middenweg scenario van Netbeheer Nederland voor het jaar 2050,,TRUE,KM2050_custom_curves,
KM_Schouwen-Duiveland,KM_Schouwen-Duiveland,GM1676_Schouwen-Duiveland,2050,Dit scenario is een regionalisatie van het Koersvaste Middenweg scenario van Netbeheer Nederland voor het jaar 2050,,TRUE,KM2050_custom_curves,
KM_Noord-Beveland,KM_Noord-Beveland,GM1695_Noord-Beveland,2050,Dit scenario is een regionalisatie van het Koersvaste Middenweg scenario van Netbeheer Nederland voor het jaar 2050,,TRUE,KM2050_custom_curves,
KM_Sluis,KM_Sluis,GM1714_Sluis,2050,Dit scenario is een regionalisatie van het Koersvaste Middenweg scenario van Netbeheer Nederland voor het jaar 2050,,TRUE,KM2050_custom_curves,
KM_Alblasserdam,KM_Alblasserdam,GM0482_Alblasserdam,2050,Dit scenario is een regionalisatie van het Koersvaste Middenweg scenario van Netbeheer Nederland voor het jaar 2050,,TRUE,KM2050_custom_curves,
KM_Alphen aan den Rijn,KM_Alphen aan den Rijn,GM0484_Alphen aan den Rijn,2050,Dit scenario is een regionalisatie van het Koersvaste Middenweg scenario van Netbeheer Nederland voor het jaar 2050,,TRUE,KM2050_custom_curves,
KM_Barendrecht,KM_Barendrecht,GM0489_Barendrecht,2050,Dit scenario is een regionalisatie van het Koersvaste Middenweg scenario van Netbeheer Nederland voor het jaar 2050,,TRUE,KM2050_custom_curves,
KM_Brielle,KM_Brielle,GM0501_Brielle,2050,Dit scenario is een regionalisatie van het Koersvaste Middenweg scenario van Netbeheer Nederland voor het jaar 2050,,TRUE,KM2050_custom_curves,
KM_Capelle aan den IJssel,KM_Capelle aan den IJssel,GM0502_Capelle aan den IJssel,2050,Dit scenario is een regionalisatie van het Koersvaste Middenweg scenario van Netbeheer Nederland voor het jaar 2050,,TRUE,KM2050_custom_curves,
KM_Delft,KM_Delft,GM0503_Delft,2050,Dit scenario is een regionalisatie van het Koersvaste Middenweg scenario van Netbeheer Nederland voor het jaar 2050,,TRUE,KM2050_custom_curves,
KM_Dordrecht,KM_Dordrecht,GM0505_Dordrecht,2050,Dit scenario is een regionalisatie van het Koersvaste Middenweg scenario van Netbeheer Nederland voor het jaar 2050,,TRUE,KM2050_custom_curves,
KM_Gorinchem,KM_Gorinchem,GM0512_Gorinchem,2050,Dit scenario is een regionalisatie van het Koersvaste Middenweg scenario van Netbeheer Nederland voor het jaar 2050,,TRUE,KM2050_custom_curves,
KM_Gouda,KM_Gouda,GM0513_Gouda,2050,Dit scenario is een regionalisatie van het Koersvaste Middenweg scenario van Netbeheer Nederland voor het jaar 2050,,TRUE,KM2050_custom_curves,
KM_'s-Gravenhage,KM_'s-Gravenhage,GM0518_'s-Gravenhage,2050,Dit scenario is een regionalisatie van het Koersvaste Middenweg scenario van Netbeheer Nederland voor het jaar 2050,,TRUE,KM2050_custom_curves,
KM_Hardinxveld-Giessendam,KM_Hardinxveld-Giessendam,GM0523_Hardinxveld-Giessendam,2050,Dit scenario is een regionalisatie van het Koersvaste Middenweg scenario van Netbeheer Nederland voor het jaar 2050,,TRUE,KM2050_custom_curves,
KM_Hellevoetsluis,KM_Hellevoetsluis,GM0530_Hellevoetsluis,2050,Dit scenario is een regionalisatie van het Koersvaste Middenweg scenario van Netbeheer Nederland voor het jaar 2050,,TRUE,KM2050_custom_curves,
KM_Hendrik-Ido-Ambacht,KM_Hendrik-Ido-Ambacht,GM0531_Hendrik-Ido-Ambacht,2050,Dit scenario is een regionalisatie van het Koersvaste Middenweg scenario van Netbeheer Nederland voor het jaar 2050,,TRUE,KM2050_custom_curves,
KM_Hillegom,KM_Hillegom,GM0534_Hillegom,2050,Dit scenario is een regionalisatie van het Koersvaste Middenweg scenario van Netbeheer Nederland voor het jaar 2050,,TRUE,KM2050_custom_curves,
KM_Katwijk,KM_Katwijk,GM0537_Katwijk,2050,Dit scenario is een regionalisatie van het Koersvaste Middenweg scenario van Netbeheer Nederland voor het jaar 2050,,TRUE,KM2050_custom_curves,
KM_Krimpen aan den IJssel,KM_Krimpen aan den IJssel,GM0542_Krimpen aan den IJssel,2050,Dit scenario is een regionalisatie van het Koersvaste Middenweg scenario van Netbeheer Nederland voor het jaar 2050,,TRUE,KM2050_custom_curves,
KM_Leiden,KM_Leiden,GM0546_Leiden,2050,Dit scenario is een regionalisatie van het Koersvaste Middenweg scenario van Netbeheer Nederland voor het jaar 2050,,TRUE,KM2050_custom_curves,
KM_Leiderdorp,KM_Leiderdorp,GM0547_Leiderdorp,2050,Dit scenario is een regionalisatie van het Koersvaste Middenweg scenario van Netbeheer Nederland voor het jaar 2050,,TRUE,KM2050_custom_curves,
KM_Lisse,KM_Lisse,GM0553_Lisse,2050,Dit scenario is een regionalisatie van het Koersvaste Middenweg scenario van Netbeheer Nederland voor het jaar 2050,,TRUE,KM2050_custom_curves,
KM_Maassluis,KM_Maassluis,GM0556_Maassluis,2050,Dit scenario is een regionalisatie van het Koersvaste Middenweg scenario van Netbeheer Nederland voor het jaar 2050,,TRUE,KM2050_custom_curves,
KM_Nieuwkoop,KM_Nieuwkoop,GM0569_Nieuwkoop,2050,Dit scenario is een regionalisatie van het Koersvaste Middenweg scenario van Netbeheer Nederland voor het jaar 2050,,TRUE,KM2050_custom_curves,
KM_Noordwijk,KM_Noordwijk,GM0575_Noordwijk,2050,Dit scenario is een regionalisatie van het Koersvaste Middenweg scenario van Netbeheer Nederland voor het jaar 2050,,TRUE,KM2050_custom_curves,
KM_Oegstgeest,KM_Oegstgeest,GM0579_Oegstgeest,2050,Dit scenario is een regionalisatie van het Koersvaste Middenweg scenario van Netbeheer Nederland voor het jaar 2050,,TRUE,KM2050_custom_curves,
KM_Papendrecht,KM_Papendrecht,GM0590_Papendrecht,2050,Dit scenario is een regionalisatie van het Koersvaste Middenweg scenario van Netbeheer Nederland voor het jaar 2050,,TRUE,KM2050_custom_curves,
KM_Ridderkerk,KM_Ridderkerk,GM0597_Ridderkerk,2050,Dit scenario is een regionalisatie van het Koersvaste Middenweg scenario van Netbeheer Nederland voor het jaar 2050,,TRUE,KM2050_custom_curves,
KM_Rotterdam,KM_Rotterdam,GM0599_Rotterdam,2050,Dit scenario is een regionalisatie van het Koersvaste Middenweg scenario van Netbeheer Nederland voor het jaar 2050,,TRUE,KM2050_custom_curves,
KM_Rijswijk,KM_Rijswijk,GM0603_Rijswijk,2050,Dit scenario is een regionalisatie van het Koersvaste Middenweg scenario van Netbeheer Nederland voor het jaar 2050,,TRUE,KM2050_custom_curves,
KM_Schiedam,KM_Schiedam,GM0606_Schiedam,2050,Dit scenario is een regionalisatie van het Koersvaste Middenweg scenario van Netbeheer Nederland voor het jaar 2050,,TRUE,KM2050_custom_curves,
KM_Sliedrecht,KM_Sliedrecht,GM0610_Sliedrecht,2050,Dit scenario is een regionalisatie van het Koersvaste Middenweg scenario van Netbeheer Nederland voor het jaar 2050,,TRUE,KM2050_custom_curves,
KM_Albrandswaard,KM_Albrandswaard,GM0613_Albrandswaard,2050,Dit scenario is een regionalisatie van het Koersvaste Middenweg scenario van Netbeheer Nederland voor het jaar 2050,,TRUE,KM2050_custom_curves,
KM_Westvoorne,KM_Westvoorne,GM0614_Westvoorne,2050,Dit scenario is een regionalisatie van het Koersvaste Middenweg scenario van Netbeheer Nederland voor het jaar 2050,,TRUE,KM2050_custom_curves,
KM_Vlaardingen,KM_Vlaardingen,GM0622_Vlaardingen,2050,Dit scenario is een regionalisatie van het Koersvaste Middenweg scenario van Netbeheer Nederland voor het jaar 2050,,TRUE,KM2050_custom_curves,
KM_Voorschoten,KM_Voorschoten,GM0626_Voorschoten,2050,Dit scenario is een regionalisatie van het Koersvaste Middenweg scenario van Netbeheer Nederland voor het jaar 2050,,TRUE,KM2050_custom_curves,
KM_Waddinxveen,KM_Waddinxveen,GM0627_Waddinxveen,2050,Dit scenario is een regionalisatie van het Koersvaste Middenweg scenario van Netbeheer Nederland voor het jaar 2050,,TRUE,KM2050_custom_curves,
KM_Wassenaar,KM_Wassenaar,GM0629_Wassenaar,2050,Dit scenario is een regionalisatie van het Koersvaste Middenweg scenario van Netbeheer Nederland voor het jaar 2050,,TRUE,KM2050_custom_curves,
KM_Zoetermeer,KM_Zoetermeer,GM0637_Zoetermeer,2050,Dit scenario is een regionalisatie van het Koersvaste Middenweg scenario van Netbeheer Nederland voor het jaar 2050,,TRUE,KM2050_custom_curves,
KM_Zoeterwoude,KM_Zoeterwoude,GM0638_Zoeterwoude,2050,Dit scenario is een regionalisatie van het Koersvaste Middenweg scenario van Netbeheer Nederland voor het jaar 2050,,TRUE,KM2050_custom_curves,
KM_Zwijndrecht,KM_Zwijndrecht,GM0642_Zwijndrecht,2050,Dit scenario is een regionalisatie van het Koersvaste Middenweg scenario van Netbeheer Nederland voor het jaar 2050,,TRUE,KM2050_custom_curves,
KM_Teylingen,KM_Teylingen,GM1525_Teylingen,2050,Dit scenario is een regionalisatie van het Koersvaste Middenweg scenario van Netbeheer Nederland voor het jaar 2050,,TRUE,KM2050_custom_curves,
KM_Lansingerland,KM_Lansingerland,GM1621_Lansingerland,2050,Dit scenario is een regionalisatie van het Koersvaste Middenweg scenario van Netbeheer Nederland voor het jaar 2050,,TRUE,KM2050_custom_curves,
KM_Westland,KM_Westland,GM1783_Westland,2050,Dit scenario is een regionalisatie van het Koersvaste Middenweg scenario van Netbeheer Nederland voor het jaar 2050,,TRUE,KM2050_custom_curves,
KM_Midden-Delfland,KM_Midden-Delfland,GM1842_Midden-Delfland,2050,Dit scenario is een regionalisatie van het Koersvaste Middenweg scenario van Netbeheer Nederland voor het jaar 2050,,TRUE,KM2050_custom_curves,
KM_Kaag en Braassem,KM_Kaag en Braassem,GM1884_Kaag en Braassem,2050,Dit scenario is een regionalisatie van het Koersvaste Middenweg scenario van Netbeheer Nederland voor het jaar 2050,,TRUE,KM2050_custom_curves,
KM_Zuidplas,KM_Zuidplas,GM1892_Zuidplas,2050,Dit scenario is een regionalisatie van het Koersvaste Middenweg scenario van Netbeheer Nederland voor het jaar 2050,,TRUE,KM2050_custom_curves,
KM_Bodegraven-Reeuwijk,KM_Bodegraven-Reeuwijk,GM1901_Bodegraven-Reeuwijk,2050,Dit scenario is een regionalisatie van het Koersvaste Middenweg scenario van Netbeheer Nederland voor het jaar 2050,,TRUE,KM2050_custom_curves,
KM_Leidschendam-Voorburg,KM_Leidschendam-Voorburg,GM1916_Leidschendam-Voorburg,2050,Dit scenario is een regionalisatie van het Koersvaste Middenweg scenario van Netbeheer Nederland voor het jaar 2050,,TRUE,KM2050_custom_curves,
KM_Goeree-Overflakkee,KM_Goeree-Overflakkee,GM1924_Goeree-Overflakkee,2050,Dit scenario is een regionalisatie van het Koersvaste Middenweg scenario van Netbeheer Nederland voor het jaar 2050,,TRUE,KM2050_custom_curves,
KM_Pijnacker-Nootdorp,KM_Pijnacker-Nootdorp,GM1926_Pijnacker-Nootdorp,2050,Dit scenario is een regionalisatie van het Koersvaste Middenweg scenario van Netbeheer Nederland voor het jaar 2050,,TRUE,KM2050_custom_curves,
KM_Nissewaard,KM_Nissewaard,GM1930_Nissewaard,2050,Dit scenario is een regionalisatie van het Koersvaste Middenweg scenario van Netbeheer Nederland voor het jaar 2050,,TRUE,KM2050_custom_curves,
KM_Krimpenerwaard,KM_Krimpenerwaard,GM1931_Krimpenerwaard,2050,Dit scenario is een regionalisatie van het Koersvaste Middenweg scenario van Netbeheer Nederland voor het jaar 2050,,TRUE,KM2050_custom_curves,
KM_Hoeksche Waard,KM_Hoeksche Waard,GM1963_Hoeksche Waard,2050,Dit scenario is een regionalisatie van het Koersvaste Middenweg scenario van Netbeheer Nederland voor het jaar 2050,,TRUE,KM2050_custom_curves,
KM_Molenlanden,KM_Molenlanden,GM1978_Molenlanden,2050,Dit scenario is een regionalisatie van het Koersvaste Middenweg scenario van Netbeheer Nederland voor het jaar 2050,,TRUE,KM2050_custom_curves,
KM_Eemsdelta,KM_Eemsdelta,GM1979_Eemsdelta,2050,Dit scenario is een regionalisatie van het Koersvaste Middenweg scenario van Netbeheer Nederland voor het jaar 2050,,TRUE,KM2050_custom_curves,