input,2040_klimaatzaak
agriculture_bio_kerosene_in_crude_oil_share,0
agriculture_biodiesel_in_crude_oil_share,0
agriculture_burner_crude_oil_share,0
agriculture_burner_hydrogen_share,0
agriculture_burner_network_gas_share,0
agriculture_burner_wood_pellets_share,15
agriculture_diesel_in_crude_oil_share,0
agriculture_final_demand_ht_central_steam_hot_water_share,65
agriculture_final_demand_local_steam_hot_water_share,0
agriculture_geothermal_share,0
agriculture_heatpump_water_water_electricity_share,20
agriculture_heatpump_water_water_ts_electricity_share,0
agriculture_kerosene_in_crude_oil_share,0
agriculture_lpg_in_crude_oil_share,0
agriculture_other_bio_oil_in_crude_oil_share,100
agriculture_other_oil_in_crude_oil_share,0
agriculture_useful_demand_electricity,0.5
agriculture_useful_demand_useable_heat,-1.5
battery_capacity_always_on_solar_pv_solar_radiation,100
battery_capacity_always_on_wind_turbine_inland,100
buildings_cooling_airconditioning_share,45
buildings_cooling_collective_heatpump_water_water_ts_electricity_share,55
buildings_cooling_heatpump_air_water_electricity_share,0
buildings_cooling_heatpump_air_water_network_gas_share,0
buildings_insulation_level_buildings_future,156.1453298
buildings_insulation_level_buildings_present,200.1709164
buildings_lighting_efficient_fluorescent_electricity_share,5
buildings_lighting_led_electricity_share,95
buildings_lighting_savings_from_daylight_control_light,95
buildings_lighting_savings_from_motion_detection_light,95
buildings_lighting_standard_fluorescent_electricity_share,0
buildings_number_of_buildings_future,175814.9535
buildings_space_heater_coal_share,0
buildings_space_heater_collective_heatpump_water_water_ts_electricity_share,0
buildings_space_heater_combined_hydrogen_share,0
buildings_space_heater_crude_oil_share,0
buildings_space_heater_district_heating_ht_steam_hot_water_share,30
buildings_space_heater_district_heating_lt_steam_hot_water_share,0
buildings_space_heater_district_heating_mt_steam_hot_water_share,0
buildings_space_heater_electricity_share,4
buildings_space_heater_heatpump_air_water_electricity_share,25
buildings_space_heater_heatpump_air_water_network_gas_share,0
buildings_space_heater_heatpump_surface_water_water_ts_electricity_share,0
buildings_space_heater_hybrid_crude_oil_heatpump_air_water_electricity_share,0
buildings_space_heater_hybrid_heatpump_air_water_electricity_share,35
buildings_space_heater_hybrid_hydrogen_heatpump_air_water_electricity_share,0
buildings_space_heater_network_gas_share,5
buildings_space_heater_solar_thermal_share,50
buildings_space_heater_wood_pellets_share,1
buildings_useful_demand_cooling,0.952944928
buildings_useful_demand_electricity,0
buildings_useful_demand_for_appliances,0.3
bunkers_allocated_percentage_aviation,0
bunkers_allocated_percentage_shipping,0
bunkers_plane_using_bio_kerosene_share,100
bunkers_plane_using_kerosene_share,0
bunkers_ship_using_ammonia_share,0
bunkers_ship_using_heavy_fuel_oil_share,0
bunkers_ship_using_hydrogen_share,0
bunkers_ship_using_lng_share,100
bunkers_useful_demand_planes,0
bunkers_useful_demand_ships,0
capacity_costs_energy_flexibility_flow_batteries_electricity,0
capacity_of_agriculture_chp_engine_biogas,0
capacity_of_agriculture_chp_engine_network_gas_dispatchable,0
capacity_of_agriculture_chp_engine_network_gas_must_run,0
capacity_of_agriculture_chp_wood_pellets,0
capacity_of_buildings_solar_pv_solar_radiation,56100
capacity_of_energy_battery_solar_pv_solar_radiation,0
capacity_of_energy_battery_wind_turbine_inland,0
capacity_of_energy_chp_combined_cycle_network_gas,0
capacity_of_energy_chp_local_engine_biogas,0
capacity_of_energy_chp_local_engine_network_gas,0
capacity_of_energy_chp_local_wood_pellets_dispatchable,0
capacity_of_energy_chp_ultra_supercritical_coal,0
capacity_of_energy_chp_ultra_supercritical_cofiring_coal,0
capacity_of_energy_flexibility_flow_batteries_electricity,10000
capacity_of_energy_flexibility_hv_opac_electricity,0
capacity_of_energy_flexibility_mv_batteries_electricity,25000
capacity_of_energy_flexibility_pumped_storage_electricity,0
capacity_of_energy_heat_burner_ht_coal,0
capacity_of_energy_heat_burner_ht_crude_oil,0
capacity_of_energy_heat_burner_ht_hydrogen,0
capacity_of_energy_heat_burner_ht_network_gas,0
capacity_of_energy_heat_burner_ht_waste_mix,0
capacity_of_energy_heat_burner_ht_wood_pellets,0
capacity_of_energy_heat_flexibility_p2h_boiler_electricity,7000
capacity_of_energy_heat_flexibility_p2h_heatpump_electricity,3000
capacity_of_energy_heat_heatpump_water_water_ht_electricity,9000
capacity_of_energy_heat_solar_ht_solar_thermal,0
capacity_of_energy_heat_well_deep_ht_geothermal,2300
capacity_of_energy_hydrogen_autothermal_reformer_must_run,7500
capacity_of_energy_hydrogen_biomass_gasification,165.76
capacity_of_energy_hydrogen_flexibility_p2g_electricity,10000
capacity_of_energy_hydrogen_solar_pv_solar_radiation,0
capacity_of_energy_hydrogen_steam_methane_reformer_must_run,1925.496774
capacity_of_energy_hydrogen_storage_salt_cavern,303.1252975
capacity_of_energy_hydrogen_wind_turbine_offshore,6600
capacity_of_energy_imported_hydrogen_baseload,6413
capacity_of_energy_power_combined_cycle_coal,0
capacity_of_energy_power_combined_cycle_hydrogen,3000
capacity_of_energy_power_combined_cycle_network_gas,0
capacity_of_energy_power_engine_diesel,0
capacity_of_energy_power_engine_network_gas,0
capacity_of_energy_power_geothermal,0
capacity_of_energy_power_hydro_river,37
capacity_of_energy_power_nuclear_gen2_uranium_oxide,0
capacity_of_energy_power_nuclear_gen3_uranium_oxide,0
capacity_of_energy_power_solar_pv_offshore,0
capacity_of_energy_power_solar_pv_solar_radiation,58000
capacity_of_energy_power_supercritical_coal,0
capacity_of_energy_power_turbine_hydrogen,15000
capacity_of_energy_power_turbine_network_gas,0
capacity_of_energy_power_ultra_supercritical_coal,0
capacity_of_energy_power_ultra_supercritical_cofiring_coal,0
capacity_of_energy_power_ultra_supercritical_network_gas,0
capacity_of_energy_power_wind_turbine_coastal,0
capacity_of_energy_power_wind_turbine_inland,20000
capacity_of_energy_power_wind_turbine_offshore,42000
capacity_of_households_solar_pv_solar_radiation,58500
capacity_of_industry_chemical_flexibility_load_shifting_electricity,50
capacity_of_industry_chemicals_refineries_flexibility_p2h_electricity,0
capacity_of_industry_chp_combined_cycle_gas_power_fuelmix,0
capacity_of_industry_chp_engine_gas_power_fuelmix,0
capacity_of_industry_chp_turbine_gas_power_fuelmix,0
capacity_of_industry_chp_ultra_supercritical_coal,0
capacity_of_industry_chp_wood_pellets,0
capacity_of_industry_heat_burner_coal,0
capacity_of_industry_heat_burner_crude_oil,0
capacity_of_industry_heat_burner_lignite,0
capacity_of_industry_heat_well_geothermal,0
capacity_of_industry_metal_flexibility_load_shifting_electricity,50
capacity_of_industry_other_flexibility_load_shifting_electricity,50
capacity_of_industry_other_food_flexibility_p2h_electricity,147.4
capacity_of_industry_other_ict_flexibility_load_shifting_electricity,50
capacity_of_industry_other_paper_flexibility_p2h_electricity,43.3
change_in_energetic_emissions_other_ghg_agriculture,135
change_in_energetic_emissions_other_ghg_buildings,0
change_in_energetic_emissions_other_ghg_energy,0
change_in_energetic_emissions_other_ghg_households,0
change_in_energetic_emissions_other_ghg_industry,0
change_in_energetic_emissions_other_ghg_transport,0
change_in_indirect_emissions_co2,0
change_in_non_energetic_emissions_co2_agriculture_manure,0
change_in_non_energetic_emissions_co2_agriculture_soil_cultivation,0
change_in_non_energetic_emissions_co2_chemical_industry,0
change_in_non_energetic_emissions_co2_other_industry,0
change_in_non_energetic_emissions_co2_waste_management,0
change_in_non_energetic_emissions_other_ghg_agriculture_fermentation,0
change_in_non_energetic_emissions_other_ghg_agriculture_manure,108
change_in_non_energetic_emissions_other_ghg_agriculture_other,0
change_in_non_energetic_emissions_other_ghg_agriculture_soil_cultivation,52
change_in_non_energetic_emissions_other_ghg_chemical_industry,0
change_in_non_energetic_emissions_other_ghg_other_industry,0
change_in_non_energetic_emissions_other_ghg_waste_management,0
climate_relevant_co2_biomass_gas_future,0
climate_relevant_co2_biomass_gas_present,0
climate_relevant_co2_biomass_liquid_future,0
climate_relevant_co2_biomass_liquid_present,0
climate_relevant_co2_biomass_solid_future,0
climate_relevant_co2_biomass_solid_present,0
co_firing_biocoal_share,100
co_firing_coal_share,0
co2_emissions_of_imported_heat,0
co2_emissions_of_imported_hydrogen_future,0
connection_capacity_always_on_solar_pv_solar_radiation,25
connection_capacity_always_on_wind_turbine_inland,75
costs_bio_ethanol,1.2
costs_biodiesel,1.2
costs_biogas,45
costs_captured_biogenic_co2,0
costs_co2,168
costs_co2_free_allocation,0
costs_coal,55
costs_gas,15
costs_greengas,50
costs_heat_infra_indoors,100
costs_heat_infra_outdoors,100
costs_heat_network_storage_ht_steam_hot_water,0
costs_hydrogen,30
costs_hydrogen_transport_compressed_trucks,50.1
costs_hydrogen_transport_pipelines,1.6
costs_imported_heat,1
costs_industry_residual_heat,0
costs_infrastructure_electricity_hv_net,364
costs_infrastructure_electricity_interconnector_net,364
costs_infrastructure_electricity_lv_mv_trafo,200
costs_infrastructure_electricity_lv_net,916
costs_infrastructure_electricity_mv_hv_trafo,250
costs_infrastructure_electricity_mv_net,690
costs_infrastructure_electricity_offshore_net,810
costs_oil,58
costs_uranium,69.1
costs_wacc_households,3
costs_wacc_proven_technologies,3
costs_wacc_public_infrastructure,3
costs_wacc_unproven_technologies,3
costs_wood,153
curtailment_of_buildings_solar_pv_solar_radiation,60
curtailment_of_energy_power_solar_pv_offshore,60
curtailment_of_energy_power_solar_pv_solar_radiation,60
curtailment_of_households_solar_pv_solar_radiation,60
deficit_limit_of_industry_chemical_flexibility_load_shifting_electricity,168
deficit_limit_of_industry_metal_flexibility_load_shifting_electricity,168
deficit_limit_of_industry_other_flexibility_load_shifting_electricity,168
demand_of_molecules_direct_air_capture_co2,6.7
demand_of_molecules_offshore_sequestration_co2,0
demand_of_molecules_other_utilisation_co2,0
efficiency_energy_power_solar_pv_solar_radiation,24
electricity_interconnector_1_capacity,4400
electricity_interconnector_1_co2_emissions_future,0
electricity_interconnector_1_co2_emissions_present,0
electricity_interconnector_1_export_availability,100
electricity_interconnector_1_import_availability,100
electricity_interconnector_1_marginal_costs,50
electricity_interconnector_10_capacity,0
electricity_interconnector_11_capacity,0
electricity_interconnector_12_capacity,0
electricity_interconnector_2_capacity,6000
electricity_interconnector_2_co2_emissions_future,0
electricity_interconnector_2_co2_emissions_present,0
electricity_interconnector_2_export_availability,100
electricity_interconnector_2_import_availability,100
electricity_interconnector_3_capacity,700
electricity_interconnector_3_co2_emissions_future,0
electricity_interconnector_3_co2_emissions_present,0
electricity_interconnector_3_export_availability,100
electricity_interconnector_3_import_availability,100
electricity_interconnector_4_capacity,2000
electricity_interconnector_4_co2_emissions_future,0
electricity_interconnector_4_co2_emissions_present,0
electricity_interconnector_4_export_availability,100
electricity_interconnector_4_import_availability,100
electricity_interconnector_5_capacity,700
electricity_interconnector_5_co2_emissions_future,0
electricity_interconnector_5_co2_emissions_present,0
electricity_interconnector_5_export_availability,100
electricity_interconnector_5_import_availability,100
electricity_interconnector_6_capacity,2000
electricity_interconnector_6_co2_emissions_future,0
electricity_interconnector_6_co2_emissions_present,0
electricity_interconnector_6_export_availability,0
electricity_interconnector_6_import_availability,0
electricity_interconnector_7_capacity,1000
electricity_interconnector_7_co2_emissions_future,0
electricity_interconnector_7_co2_emissions_present,0
electricity_interconnector_8_capacity,2000
electricity_interconnector_8_co2_emissions_future,0
electricity_interconnector_8_co2_emissions_present,0
electricity_interconnector_9_capacity,0
energy_biogas_fermentation_share,50
energy_greengas_gasification_dry_biomass_share,0
energy_greengas_gasification_wet_biomass_share,50
energy_heat_distribution_ht_loss_share,15
energy_heat_network_storage_ht_loss_share,30
energy_heat_network_storage_ht_steam_hot_water_output_capacity_share,118
energy_hydrogen_distribution_compressed_trucks_share,1
energy_hydrogen_transport_pipelines_share,99
energy_mixer_for_gas_power_fuel_bio_oil_share,0
energy_mixer_for_gas_power_fuel_crude_oil_share,0
energy_mixer_for_gas_power_fuel_natural_gas_share,100
energy_regasification_lng_share,0
energy_treatment_natural_gas_share,100
external_coupling_biogenic_waste_max_demand,27.84936989
external_coupling_energy_chemical_other_transformation_external_coupling_node_ammonia_input_share,0
external_coupling_energy_chemical_other_transformation_external_coupling_node_ammonia_output_share,0
external_coupling_energy_chemical_other_transformation_external_coupling_node_crude_oil_input_share,0
external_coupling_energy_chemical_other_transformation_external_coupling_node_diesel_output_share,0
external_coupling_energy_chemical_other_transformation_external_coupling_node_electricity_input_share,0
external_coupling_energy_chemical_other_transformation_external_coupling_node_gasoline_output_share,0
external_coupling_energy_chemical_other_transformation_external_coupling_node_greengas_input_share,0
external_coupling_energy_chemical_other_transformation_external_coupling_node_greengas_output_share,3.663510384
external_coupling_energy_chemical_other_transformation_external_coupling_node_heavy_fuel_oil_output_share,0
external_coupling_energy_chemical_other_transformation_external_coupling_node_hydrogen_input_share,0
external_coupling_energy_chemical_other_transformation_external_coupling_node_hydrogen_output_share,42.54475039
external_coupling_energy_chemical_other_transformation_external_coupling_node_kerosene_output_share,0
external_coupling_energy_chemical_other_transformation_external_coupling_node_loss_output_share,0
external_coupling_energy_chemical_other_transformation_external_coupling_node_lpg_output_share,0
external_coupling_energy_chemical_other_transformation_external_coupling_node_methanol_input_share,0
external_coupling_energy_chemical_other_transformation_external_coupling_node_methanol_output_share,0
external_coupling_energy_chemical_other_transformation_external_coupling_node_natural_gas_input_share,0
external_coupling_energy_chemical_other_transformation_external_coupling_node_natural_gas_output_share,53.79173923
external_coupling_energy_chemical_other_transformation_external_coupling_node_not_defined_input_share,100
external_coupling_energy_chemical_other_transformation_external_coupling_node_steam_hot_water_input_share,0
external_coupling_energy_chemical_other_transformation_external_coupling_node_total_demand,133.3435499
external_coupling_energy_chemical_other_transformation_external_coupling_node_waste_mix_input_share,0
external_coupling_energy_chemical_other_transformation_external_coupling_node_wood_pellets_input_share,0
external_coupling_energy_chemical_refineries_transformation_external_coupling_node_ammonia_input_share,0
external_coupling_energy_chemical_refineries_transformation_external_coupling_node_ammonia_output_share,0
external_coupling_energy_chemical_refineries_transformation_external_coupling_node_crude_oil_input_share,100
external_coupling_energy_chemical_refineries_transformation_external_coupling_node_diesel_output_share,42.60900506
external_coupling_energy_chemical_refineries_transformation_external_coupling_node_electricity_input_share,0
external_coupling_energy_chemical_refineries_transformation_external_coupling_node_gasoline_output_share,3.4866058
external_coupling_energy_chemical_refineries_transformation_external_coupling_node_greengas_input_share,0
external_coupling_energy_chemical_refineries_transformation_external_coupling_node_greengas_output_share,0
external_coupling_energy_chemical_refineries_transformation_external_coupling_node_heavy_fuel_oil_output_share,1.154344532
external_coupling_energy_chemical_refineries_transformation_external_coupling_node_hydrogen_input_share,0
external_coupling_energy_chemical_refineries_transformation_external_coupling_node_hydrogen_output_share,0
external_coupling_energy_chemical_refineries_transformation_external_coupling_node_kerosene_output_share,13.0262841
external_coupling_energy_chemical_refineries_transformation_external_coupling_node_loss_output_share,0
external_coupling_energy_chemical_refineries_transformation_external_coupling_node_lpg_output_share,3.059104371
external_coupling_energy_chemical_refineries_transformation_external_coupling_node_methanol_input_share,0
external_coupling_energy_chemical_refineries_transformation_external_coupling_node_methanol_output_share,0
external_coupling_energy_chemical_refineries_transformation_external_coupling_node_natural_gas_input_share,0
external_coupling_energy_chemical_refineries_transformation_external_coupling_node_natural_gas_output_share,0
external_coupling_energy_chemical_refineries_transformation_external_coupling_node_not_defined_input_share,0
external_coupling_energy_chemical_refineries_transformation_external_coupling_node_not_defined_output_share,3.742411146
external_coupling_energy_chemical_refineries_transformation_external_coupling_node_steam_hot_water_input_share,0
external_coupling_energy_chemical_refineries_transformation_external_coupling_node_total_demand,849.7586718
external_coupling_energy_chemical_refineries_transformation_external_coupling_node_waste_mix_input_share,0
external_coupling_energy_chemical_refineries_transformation_external_coupling_node_wood_pellets_input_share,0
external_coupling_energy_chp_supercritical_ccs_waste_mix_captured_co2,100
external_coupling_energy_chp_supercritical_ccs_waste_mix_electrical_efficiency,11.36400574
external_coupling_energy_chp_supercritical_ccs_waste_mix_heat_efficiency,0
external_coupling_energy_chp_supercritical_waste_mix_capacity,98.28649192
external_coupling_energy_chp_supercritical_waste_mix_electrical_efficiency,11.36400574
external_coupling_energy_chp_supercritical_waste_mix_heat_efficiency,0
external_coupling_energy_distribution_coal_gas_chemical_feedstock_share,0
external_coupling_energy_distribution_coal_gas_energy_production_share,99.99
external_coupling_energy_distribution_coal_gas_final_demand_share,0.01
external_coupling_energy_production_synthetic_kerosene_demand,0
external_coupling_energy_production_synthetic_methanol_demand,0
external_coupling_industry_chemical_fertilizers_burner_coal_share,0
external_coupling_industry_chemical_fertilizers_burner_crude_oil_share,0
external_coupling_industry_chemical_fertilizers_burner_hydrogen_share,75.7231762
external_coupling_industry_chemical_fertilizers_burner_network_gas_share,24.21906154
external_coupling_industry_chemical_fertilizers_burner_wood_pellets_share,0
external_coupling_industry_chemical_fertilizers_combustion_ccus_capture_potential,100
external_coupling_industry_chemical_fertilizers_combustion_ccus_captured_co2,0
external_coupling_industry_chemical_fertilizers_combustion_ccus_electricity_use,0
external_coupling_industry_chemical_fertilizers_electricity,451.9375182
external_coupling_industry_chemical_fertilizers_non_energetic_coal_share,0
external_coupling_industry_chemical_fertilizers_non_energetic_crude_oil_share,0
external_coupling_industry_chemical_fertilizers_non_energetic_hydrogen_share,100
external_coupling_industry_chemical_fertilizers_non_energetic_network_gas_share,0
external_coupling_industry_chemical_fertilizers_non_energetic_wood_pellets_share,0
external_coupling_industry_chemical_fertilizers_p2h_capacity,0
external_coupling_industry_chemical_fertilizers_processes_ccus_capture_potential,100
external_coupling_industry_chemical_fertilizers_processes_ccus_captured_co2,0
external_coupling_industry_chemical_fertilizers_processes_ccus_electricity_use,0
external_coupling_industry_chemical_fertilizers_residual_heat_share,29.26887469
external_coupling_industry_chemical_fertilizers_steam_hot_water_share,0.057762256
external_coupling_industry_chemical_fertilizers_total_excluding_electricity,84.72953331
external_coupling_industry_chemical_fertilizers_total_useable_heat_share,13.72887882
external_coupling_industry_chemical_other_burner_coal_share,0
external_coupling_industry_chemical_other_burner_crude_oil_share,7.037191658
external_coupling_industry_chemical_other_burner_hydrogen_share,90.63365824
external_coupling_industry_chemical_other_burner_network_gas_share,8.75215E-05
external_coupling_industry_chemical_other_burner_wood_pellets_share,0
external_coupling_industry_chemical_other_ccus_capture_potential,100
external_coupling_industry_chemical_other_ccus_captured_co2,0
external_coupling_industry_chemical_other_ccus_electricity_use,0
external_coupling_industry_chemical_other_electricity,467.7861551
external_coupling_industry_chemical_other_heater_electricity_share,0
external_coupling_industry_chemical_other_heatpump_water_water_electricity_share,0
external_coupling_industry_chemical_other_non_energetic_coal_share,0
external_coupling_industry_chemical_other_non_energetic_crude_oil_share,54.43811788
external_coupling_industry_chemical_other_non_energetic_hydrogen_share,8.048070144
external_coupling_industry_chemical_other_non_energetic_network_gas_share,0
external_coupling_industry_chemical_other_non_energetic_wood_pellets_share,37.51381198
external_coupling_industry_chemical_other_p2h_capacity,540.5570659
external_coupling_industry_chemical_other_residual_heat_share,21.95089049
external_coupling_industry_chemical_other_steam_hot_water_share,2.329062578
external_coupling_industry_chemical_other_steam_recompression_electricity_share,0
external_coupling_industry_chemical_other_total_non_energetic,40.33702538
external_coupling_industry_chemical_other_useable_heat,17.58376579
external_coupling_industry_chemical_refineries_burner_coal_share,0
external_coupling_industry_chemical_refineries_burner_crude_oil_share,0
external_coupling_industry_chemical_refineries_burner_hydrogen_share,98.58963647
external_coupling_industry_chemical_refineries_burner_network_gas_share,1.410363528
external_coupling_industry_chemical_refineries_burner_wood_pellets_share,0
external_coupling_industry_chemical_refineries_ccus_capture_potential,100
external_coupling_industry_chemical_refineries_ccus_captured_co2,100
external_coupling_industry_chemical_refineries_ccus_electricity_use,0.052974882
external_coupling_industry_chemical_refineries_electricity,1481.327543
external_coupling_industry_chemical_refineries_p2h_capacity,332.0347049
external_coupling_industry_chemical_refineries_residual_heat_share,27.08291967
external_coupling_industry_chemical_refineries_steam_hot_water_share,0
external_coupling_industry_chemical_refineries_useable_heat,173.7815636
external_coupling_industry_metal_steel_blastfurnace_bof_share,0
external_coupling_industry_metal_steel_ccus_capture_potential,100
external_coupling_industry_metal_steel_ccus_captured_co2,0
external_coupling_industry_metal_steel_ccus_electricity_use,0
external_coupling_industry_metal_steel_cyclonefurnace_bof_share,0
external_coupling_industry_metal_steel_dri_hydrogen_share,0
external_coupling_industry_metal_steel_dri_network_gas_share,0
external_coupling_industry_metal_steel_efficiency,8.921558379
external_coupling_industry_metal_steel_energetic_coal_gas_share,0
external_coupling_industry_metal_steel_energetic_coal_share,9.640723531
external_coupling_industry_metal_steel_energetic_cokes_share,0
external_coupling_industry_metal_steel_energetic_crude_oil_share,0
external_coupling_industry_metal_steel_energetic_electricity_share,26.14129776
external_coupling_industry_metal_steel_energetic_hydrogen_share,62.36414283
external_coupling_industry_metal_steel_energetic_network_gas_share,1.853835881
external_coupling_industry_metal_steel_energetic_steam_hot_water_share,0
external_coupling_industry_metal_steel_energetic_wood_pellets_share,0
external_coupling_industry_metal_steel_external_coupling_share,100
external_coupling_industry_metal_steel_fixed_om_costs,313383272.7
external_coupling_industry_metal_steel_investment_costs,4228475851
external_coupling_industry_metal_steel_scrap_hbi_eaf_share,0
external_coupling_industry_metal_steel_technical_lifetime,19
external_coupling_industry_metal_steel_total_demand,100
external_coupling_industry_metal_steel_wacc,0.08
external_coupling_molecules_other_utilisation_demand,17.13969563
external_coupling_non_biogenic_waste_max_demand,23.36793056
external_coupling_waste_mix_biogenic_waste_share,54.97021259
external_coupling_waste_mix_non_biogenic_waste_share,45.02978741
flexibility_heat_pump_space_heating_cop_cutoff_gas,2.6
flexibility_outdoor_temperature,0.6
flh_of_energy_hydrogen_wind_turbine_offshore,4800
flh_of_energy_power_wind_turbine_coastal,3300
flh_of_energy_power_wind_turbine_coastal_user_curve,3200.000003
flh_of_energy_power_wind_turbine_inland,3300
flh_of_energy_power_wind_turbine_inland_user_curve,3200.000003
flh_of_energy_power_wind_turbine_offshore,4500
flh_of_energy_power_wind_turbine_offshore_user_curve,4750.000003
flh_of_solar_pv_solar_radiation,1000
flh_of_solar_pv_solar_radiation_user_curve,1012.334936
fuel_production_coal,0
fuel_production_crude_oil,0
fuel_production_lignite,0
fuel_production_natural_gas,0
fuel_production_uranium_oxide,0
green_gas_total_share,100
heat_storage_enabled_ht,1
households_cooker_halogen_electricity_share,0
households_cooker_induction_electricity_share,100
households_cooker_network_gas_share,0
households_cooker_resistive_electricity_share,0
households_cooker_wood_pellets_share,0
households_cooling_airconditioning_electricity_share,45
households_cooling_heatpump_air_water_electricity_share,46
households_cooling_heatpump_ground_water_electricity_share,9
households_flexibility_p2p_electricity_market_penetration,40
households_heater_coal_share,0
households_heater_combined_hydrogen_share,0
households_heater_combined_network_gas_share,5
households_heater_crude_oil_share,0
households_heater_district_heating_ht_steam_hot_water_share,30
households_heater_district_heating_lt_steam_hot_water_share,0
households_heater_district_heating_mt_steam_hot_water_share,0
households_heater_electricity_share,4
households_heater_heatpump_air_water_electricity_share,17
households_heater_heatpump_ground_water_electricity_share,8
households_heater_heatpump_pvt_electricity_share,0
households_heater_heatpump_surface_water_water_ts_electricity_share,0
households_heater_hybrid_crude_oil_heatpump_air_water_electricity_share,0
households_heater_hybrid_heatpump_air_water_electricity_share,35
households_heater_hybrid_hydrogen_heatpump_air_water_electricity_share,0
households_heater_network_gas_share,0
households_heater_wood_pellets_share,1
households_insulation_level_apartments_1945_1964,167.3993187
households_insulation_level_apartments_1965_1984,143.5450151
households_insulation_level_apartments_1985_2004,114.6587521
households_insulation_level_apartments_2005_present,85.97949019
households_insulation_level_apartments_before_1945,229.3837357
households_insulation_level_apartments_future,48.20879181
households_insulation_level_detached_houses_1945_1964,172.8617927
households_insulation_level_detached_houses_1965_1984,143.9170321
households_insulation_level_detached_houses_1985_2004,113.9828704
households_insulation_level_detached_houses_2005_present,82.69575268
households_insulation_level_detached_houses_before_1945,210.4325986
households_insulation_level_detached_houses_future,39.08429182
households_insulation_level_semi_detached_houses_1945_1964,158.6834898
households_insulation_level_semi_detached_houses_1965_1984,136.9824005
households_insulation_level_semi_detached_houses_1985_2004,112.6647543
households_insulation_level_semi_detached_houses_2005_present,83.52305964
households_insulation_level_semi_detached_houses_before_1945,196.6486432
households_insulation_level_semi_detached_houses_future,40.21197947
households_insulation_level_terraced_houses_1945_1964,217.2705297
households_insulation_level_terraced_houses_1965_1984,168.7405815
households_insulation_level_terraced_houses_1985_2004,116.7522212
households_insulation_level_terraced_houses_2005_present,90.02601622
households_insulation_level_terraced_houses_before_1945,236.1289091
households_insulation_level_terraced_houses_future,42.57984115
households_lighting_efficient_fluorescent_electricity_share,10
households_lighting_incandescent_electricity_share,0
households_lighting_led_electricity_share,90
households_number_of_apartments_future,445083
households_number_of_detached_houses_future,202358
households_number_of_inhabitants,19.5
households_number_of_semi_detached_houses_future,270254
households_number_of_terraced_houses_future,345399
households_useful_demand_cooking_per_person,0
households_useful_demand_electric_appliances,0
households_useful_demand_for_cooling,2.5
households_useful_demand_hot_water_share,0
households_useful_demand_lighting,0
households_water_heater_solar_thermal_share,25
industry_aggregated_other_industry_coal_share_energetic,0
industry_aggregated_other_industry_cokes_share_energetic,0
industry_aggregated_other_industry_crude_oil_share_energetic,0
industry_aggregated_other_industry_electricity_share,88
industry_aggregated_other_industry_hydrogen_share_energetic,11.2
industry_aggregated_other_industry_hydrogen_share_non_energetic,0
industry_aggregated_other_industry_network_gas_share_energetic,0
industry_aggregated_other_industry_useable_heat_share,0
industry_aggregated_other_industry_wood_pellets_share_energetic,0.8
industry_aluminium_carbothermalreduction_electricity_share,0
industry_aluminium_electrolysis_bat_electricity_share,50
industry_aluminium_electrolysis_current_electricity_share,0
industry_aluminium_production,0
industry_aluminium_smeltoven_electricity_share,50
industry_bio_kerosene_in_crude_oil_share,0
industry_biodiesel_in_crude_oil_share,0
industry_chemicals_fertilizers_burner_coal_share,0
industry_chemicals_fertilizers_burner_crude_oil_share,0
industry_chemicals_fertilizers_burner_hydrogen_share,100
industry_chemicals_fertilizers_burner_network_gas_share,0
industry_chemicals_fertilizers_burner_wood_pellets_share,0
industry_chemicals_fertilizers_central_ammonia_share,0
industry_chemicals_fertilizers_local_ammonia_central_hydrogen_share,100
industry_chemicals_fertilizers_local_ammonia_local_hydrogen_share,0
industry_chemicals_other_burner_coal_share,0
industry_chemicals_other_burner_crude_oil_share,0
industry_chemicals_other_burner_hydrogen_share,60
industry_chemicals_other_burner_network_gas_share,0
industry_chemicals_other_burner_wood_pellets_share,0
industry_chemicals_other_coal_non_energetic_share,0
industry_chemicals_other_crude_oil_non_energetic_share,100
industry_chemicals_other_heater_electricity_share,27
industry_chemicals_other_heatpump_water_water_electricity_share,0
industry_chemicals_other_hydrogen_non_energetic_share,0
industry_chemicals_other_network_gas_non_energetic_share,0
industry_chemicals_other_steam_recompression_electricity_share,0
industry_chemicals_other_wood_pellets_non_energetic_share,0
industry_chemicals_refineries_burner_coal_share,0
industry_chemicals_refineries_burner_crude_oil_share,0
industry_chemicals_refineries_burner_hydrogen_share,100
industry_chemicals_refineries_burner_network_gas_share,0
industry_chemicals_refineries_burner_wood_pellets_share,0
industry_diesel_in_crude_oil_share,0
industry_final_demand_for_chemical_fertilizers_steam_hot_water_share,0
industry_final_demand_for_chemical_other_steam_hot_water_share,13
industry_final_demand_for_chemical_refineries_steam_hot_water_share,0
industry_final_demand_for_other_food_steam_hot_water_share,0
industry_final_demand_for_other_paper_steam_hot_water_share,0
industry_kerosene_in_crude_oil_share,0
industry_lpg_in_crude_oil_share,0
industry_other_bio_oil_in_crude_oil_share,100
industry_other_food_burner_coal_share,0
industry_other_food_burner_crude_oil_share,0
industry_other_food_burner_hydrogen_share,14.4
industry_other_food_burner_network_gas_share,0
industry_other_food_burner_wood_pellets_share,0
industry_other_food_heater_electricity_share,85.6
industry_other_metals_process_electricity_efficiency,0
industry_other_metals_process_heat_useable_heat_efficiency,45.87540304
industry_other_metals_production,0
industry_other_oil_in_crude_oil_share,0
industry_other_paper_burner_coal_share,0
industry_other_paper_burner_crude_oil_share,0
industry_other_paper_burner_hydrogen_share,25.7
industry_other_paper_burner_network_gas_share,0
industry_other_paper_burner_wood_pellets_share,0
industry_other_paper_heater_electricity_share,74.3
industry_steel_blastfurnace_bof_share,50
industry_steel_cyclonefurnace_bof_share,25
industry_steel_cyclonefurnace_bof_wood_pellets_share,0
industry_steel_dri_hydrogen_share,0
industry_steel_dri_network_gas_share,0
industry_steel_scrap_hbi_eaf_share,25
industry_useful_demand_for_aggregated_other_energetic,75.6
industry_useful_demand_for_aggregated_other_non_energetic,75.6
industry_useful_demand_for_chemical_refineries_electricity_efficiency,0
industry_useful_demand_for_chemical_refineries_useable_heat_efficiency,0
industry_useful_demand_for_other_food,100
industry_useful_demand_for_other_food_electricity_efficiency,45.87540304
industry_useful_demand_for_other_food_useable_heat_efficiency,45.87540304
industry_useful_demand_for_other_ict,650
industry_useful_demand_for_other_ict_efficiency,36.96921873
industry_useful_demand_for_other_paper,100
industry_useful_demand_for_other_paper_electricity_efficiency,56.215918
industry_useful_demand_for_other_paper_useable_heat_efficiency,56.215918
input_capacity_of_industry_chemical_flexibility_load_shifting_electricity,50
input_capacity_of_industry_metal_flexibility_load_shifting_electricity,50
input_capacity_of_industry_other_flexibility_load_shifting_electricity,50
input_capacity_of_industry_other_ict_flexibility_load_shifting_electricity,50
investment_costs_co2_capture_industry,0
investment_costs_co2_ccs,-66.34615385
investment_costs_co2_storage,0
investment_costs_co2_transport,0
investment_costs_co2_utilisation,0
investment_costs_combustion_biomass_plants,-31.81818182
investment_costs_combustion_gas_plant,0.133511348
investment_costs_combustion_hydrogen_plant,0
investment_costs_combustion_oil_plant,0
investment_costs_combustion_waste_incinerator,0
investment_costs_electric_heat_pumps,-49
investment_costs_energy_flexibility_hv_opac_electricity,0
investment_costs_energy_flexibility_mv_batteries_electricity,0
investment_costs_flexibility_p2h_electricity,1.694915254
investment_costs_gas_heat_pumps,0
investment_costs_geothermal,-88.39278805
investment_costs_households_flexibility_p2p_electricity,-72
investment_costs_hydrogen_electrolysis,-39
investment_costs_nuclear_nuclear_plant,-11.5
investment_costs_solar_solar_panels,-68.08266361
investment_costs_solar_thermal,0
investment_costs_water_river,-4
investment_costs_wind_offshore,-74.37211686
investment_costs_wind_onshore,-48.88569375
natural_gas_total_share,0
om_costs_co2_capture_industry,0
om_costs_co2_ccs,0
om_costs_co2_storage,0
om_costs_co2_transport,0
om_costs_co2_utilisation,0
om_costs_combustion_biomass_plant,-8.45E+01
om_costs_combustion_gas_plant,0
om_costs_combustion_hydrogen_plant,0
om_costs_combustion_oil_plant,0
om_costs_combustion_waste_incinerator,0
om_costs_geothermal,-39
om_costs_nuclear_nuclear_plant,57.2
om_costs_solar_thermal,0
om_costs_wind_offshore,-77.6161164
om_costs_wind_onshore,-63.86460663
other_useful_demand_electricity,-5
other_useful_demand_non_energetic,-5
other_useful_demand_useable_heat,-5
output_of_energy_production_synthetic_methanol,0
settings_enable_storage_optimisation_energy_flexibility_flow_batteries_electricity,1
settings_enable_storage_optimisation_energy_flexibility_hv_opac_electricity,1
settings_enable_storage_optimisation_energy_flexibility_mv_batteries_electricity,1
settings_enable_storage_optimisation_energy_flexibility_pumped_storage_electricity,1
settings_enable_storage_optimisation_households_flexibility_p2p_electricity,optimizing_storage
settings_enable_storage_optimisation_transport_car_flexibility_p2p_electricity,1
share_of_energy_chp_supercritical_ccs_ht_waste_mix,0
share_of_energy_hydrogen_autothermal_reformer_ccs_must_run,100
share_of_energy_hydrogen_biomass_gasification_ccs,100
share_of_energy_hydrogen_steam_methane_reformer_ccs_must_run,100
share_of_energy_power_combined_cycle_ccs_coal,0
share_of_energy_power_combined_cycle_ccs_network_gas,100
share_of_energy_power_supercritical_ccs_waste_mix,0
share_of_energy_power_ultra_supercritical_ccs_coal,0
share_of_energy_steel_chemical_feedstock_coal_gas,0
share_of_energy_steel_energy_production_coal_gas,100
share_of_industry_chemicals_fertilizers_captured_combustion_co2,0
share_of_industry_chemicals_fertilizers_captured_processes_co2,0
share_of_industry_other_food_captured_co2,0
share_of_industry_other_paper_captured_co2,0
share_of_industry_steel_captured_co2,100
share_of_molecules_other_utilisation_delayed_emitted_co2,0
share_of_molecules_other_utilisation_delayed_indefinitely_co2,100
transport_bicycle_using_electricity_share,50
transport_bicycle_using_human_power_share,50
transport_bicycles_share,10.3
transport_bus_using_compressed_natural_gas_share,0
transport_bus_using_diesel_mix_share,0
transport_bus_using_electricity_share,75
transport_bus_using_gasoline_mix_share,0
transport_bus_using_hydrogen_share,25
transport_bus_using_lng_share,0
transport_busses_share,9.3
transport_car_using_compressed_natural_gas_share,0
transport_car_using_diesel_mix_share,0
transport_car_using_electricity_availability,20
transport_car_using_electricity_custom_profile_charging_share,100
transport_car_using_electricity_fast_charging_share,0
transport_car_using_electricity_home_charging_share,0
transport_car_using_electricity_public_charging_share,0
transport_car_using_electricity_share,100
transport_car_using_electricity_work_charging_share,0
transport_car_using_gasoline_mix_share,0
transport_car_using_hydrogen_share,0
transport_car_using_lpg_share,0
transport_cars_share,60.6
transport_freight_train_using_coal_share,0
transport_freight_train_using_diesel_mix_share,0
transport_freight_train_using_electricity_share,100
transport_freight_train_using_hydrogen_share,0
transport_freight_trains_share,2.6
transport_motorcycle_using_electricity_share,100
transport_motorcycle_using_gasoline_mix_share,0
transport_motorcycles_share,3.5
transport_passenger_train_using_coal_share,0
transport_passenger_train_using_diesel_mix_share,0
transport_passenger_train_using_electricity_share,100
transport_passenger_train_using_hydrogen_share,0
transport_passenger_trains_share,15.4
transport_plane_using_bio_ethanol_share,0
transport_plane_using_electricity_share,50
transport_plane_using_gasoline_share,0
transport_plane_using_hydrogen_share,50
transport_plane_using_kerosene_share,0
transport_planes_efficiency,0.8
transport_planes_share,0.1
transport_rail_mixer_diesel_biodiesel_share,100
transport_rail_mixer_diesel_diesel_share,0
transport_road_mixer_diesel_biodiesel_share,100
transport_road_mixer_diesel_diesel_share,0
transport_road_mixer_gasoline_ethanol_share,100
transport_road_mixer_gasoline_gasoline_share,0
transport_road_mixer_lng_bio_lng_share,100
transport_road_mixer_lng_lng_share,0
transport_ship_using_ammonia_share,0
transport_ship_using_diesel_mix_share,0
transport_ship_using_electricity_share,75
transport_ship_using_hydrogen_share,0
transport_ship_using_lng_mix_share,25
transport_shipping_mixer_diesel_bio_ethanol_share,0
transport_shipping_mixer_diesel_bio_lng_share,100
transport_shipping_mixer_diesel_biodiesel_share,0
transport_shipping_mixer_diesel_diesel_share,0
transport_shipping_mixer_diesel_heavy_fuel_oil_share,0
transport_shipping_mixer_diesel_lng_share,0
transport_shipping_mixer_lng_bio_lng_share,100
transport_shipping_mixer_lng_lng_share,0
transport_ships_efficiency,0.4
transport_ships_share,29.2
transport_trains_efficiency,0.1
transport_trams_share,0.8
transport_truck_using_compressed_natural_gas_share,0
transport_truck_using_diesel_mix_share,0
transport_truck_using_electricity_share,75
transport_truck_using_gasoline_mix_share,0.00E+00
transport_truck_using_hydrogen_share,25
transport_truck_using_lng_mix_share,0
transport_trucks_share,67.5
transport_useful_demand_freight_tonne_kms,1
transport_useful_demand_passenger_kms,0.4
transport_van_using_compressed_natural_gas_share,0
transport_van_using_diesel_mix_share,0
transport_van_using_electricity_share,100
transport_van_using_gasoline_mix_share,0
transport_van_using_hydrogen_share,0
transport_van_using_lpg_share,0
transport_vans_share,0.7
transport_vehicle_combustion_engine_efficiency,0.4
transport_vehicle_using_electricity_efficiency,0.3
transport_vehicle_using_hydrogen_efficiency,0.3
volume_costs_energy_flexibility_flow_batteries_electricity,0
volume_of_baseload_export_hydrogen,195.3858401
volume_of_energy_flexibility_flow_batteries_electricity,41.1
volume_of_energy_hydrogen_storage_salt_cavern,11
volume_of_ht_imported_heat,0
volume_of_ht_residual_heat,20.1173923
wta_of_energy_flexibility_flow_batteries_electricity,6.4
wta_of_energy_flexibility_hv_opac_electricity,10
wta_of_energy_flexibility_mv_batteries_electricity,10
wta_of_energy_flexibility_pumped_storage_electricity,10
wta_of_households_flexibility_p2p_electricity,10
wta_of_industry_chemical_flexibility_load_shifting_electricity,100
wta_of_industry_metal_flexibility_load_shifting_electricity,100
wta_of_industry_other_flexibility_load_shifting_electricity,100
wta_of_industry_other_ict_flexibility_load_shifting_electricity,100
wta_of_transport_car_flexibility_p2p_electricity,10
wtp_of_energy_flexibility_flow_batteries_electricity,4.5
wtp_of_energy_flexibility_hv_opac_electricity,5
wtp_of_energy_flexibility_mv_batteries_electricity,5
wtp_of_energy_flexibility_pumped_storage_electricity,5
wtp_of_energy_heat_flexibility_p2h_boiler_electricity,25
wtp_of_energy_heat_flexibility_p2h_heatpump_electricity,25
wtp_of_energy_hydrogen_flexibility_p2g_electricity,30
wtp_of_households_flexibility_p2p_electricity,5
wtp_of_industry_chemicals_fertilizers_flexibility_p2h_electricity,25
wtp_of_industry_chemicals_other_flexibility_p2h_electricity,25
wtp_of_industry_chemicals_refineries_flexibility_p2h_electricity,25
wtp_of_industry_other_food_flexibility_p2h_electricity,25
wtp_of_industry_other_paper_flexibility_p2h_electricity,25
wtp_of_transport_car_flexibility_p2p_electricity,5
,
,
,
,
,
,
,
,
,
,
,
,
,
,
,
,
,
,
,
,
,
,
,
,
,
,
,
,
,
,
,
,
,
,
,
,
,
,
,
,
,
,
,
,
,
,
,
,
,
,
,
,
,
,
,
,
,
,
,
,
,
,
,
,
,
,
,
,
,
,
,
,
,
,
,
,
,
,
,
,
,
,
,
,
,
,
,
,
,
,
,
,
,
,
,
,
,
,
,
,
,
,
,
,
,
,
,
,
,
,
,
,
,
,
,
,
,
,
,
,
,
,
,
,
,
,
,
,
,
,
,
,
,
,
,
,
,
,
,
,
,
,
,
,
,
,
,
,
,
,
,
,
,
,
,
,
,
,
,
,
,
,
,
,
,