input,npe_2030,npe_2035,npe_2040,npe_2050
households_apartments_share,35.141500300000000000000,35.141500300000000000000,35.190000000000000000000,35.300000000000000000000
households_appliances_clothes_dryer_electricity_efficiency,13.000000000000000000000,20.000000000000000000000,15.000000000000000000000,10.000000000000000000000
households_appliances_computer_media_electricity_efficiency,10.000000000000000000000,10.000000000000000000000,10.000000000000000000000,10.000000000000000000000
households_appliances_dishwasher_electricity_efficiency,13.000000000000000000000,20.000000000000000000000,15.000000000000000000000,10.000000000000000000000
households_appliances_fridge_freezer_electricity_efficiency,13.000000000000000000000,20.000000000000000000000,15.000000000000000000000,10.000000000000000000000
households_appliances_other_electricity_efficiency,10.000000000000000000000,10.000000000000000000000,10.000000000000000000000,10.000000000000000000000
households_appliances_television_electricity_efficiency,13.000000000000000000000,20.000000000000000000000,15.000000000000000000000,10.000000000000000000000
households_appliances_vacuum_cleaner_electricity_efficiency,20.000000000000000000000,20.000000000000000000000,15.000000000000000000000,10.000000000000000000000
households_appliances_washing_machine_electricity_efficiency,13.000000000000000000000,20.000000000000000000000,15.000000000000000000000,10.000000000000000000000
households_behavior_close_windows_turn_off_heating,0.000000000000000000000,0.000000000000000000000,0.000000000000000000000,0.000000000000000000000
households_behavior_low_temperature_washing,0.000000000000000000000,0.000000000000000000000,17.000000000000000000000,50.000000000000000000000
households_behavior_standby_killer_turn_off_appliances,0.000000000000000000000,0.000000000000000000000,17.000000000000000000000,50.000000000000000000000
households_behavior_turn_off_the_light,0.000000000000000000000,0.000000000000000000000,17.000000000000000000000,50.000000000000000000000
households_cooker_halogen_electricity_share,0.300000000000000000000,0.200000000000000000000,0.000000000000000000000,0.000000000000000000000
households_cooker_induction_electricity_share,62.200000000000000000000,76.500000000000000000000,88.350000000000000000000,100.000000000000000000000
households_cooker_network_gas_share,30.100000000000000000000,19.000000000000000000000,9.500000000000000000000,0.000000000000000000000
households_cooker_resistive_electricity_share,7.400000000000000000000,4.300000000000000000000,2.150000000000000000000,0.000000000000000000000
households_cooker_wood_pellets_share,0.000000000000000000000,0.000000000000000000000,0.000000000000000000000,0.000000000000000000000
households_cooling_airconditioning_electricity_share,90.400000000000000000000,90.400000000000000000000,75.270000000000000000000,45.000000000000000000000
households_cooling_heatpump_air_water_electricity_share,0.000000000000000000000,0.000000000000000000000,15.330000000000000000000,46.000000000000000000000
households_cooling_heatpump_ground_water_electricity_share,9.600000000000000000000,9.600000000000000000000,9.400000000000000000000,9.000000000000000000000
households_corner_houses_share,12.938832900000000000000,12.938832900000000000000,12.930000000000000000000,12.900000000000000000000
households_detached_houses_share,13.009590000000000000000,13.009590000000000000000,13.140000000000000000000,13.400000000000000000000
households_heater_combined_hydrogen_share,0.000000000000000000000,0.000000000000000000000,3.000000000000000000000,5.000000000000000000000
households_heater_combined_network_gas_share,51.810000000000000000000,27.670000000000000000000,15.000000000000000000000,5.000000000000000000000
households_heater_district_heating_steam_hot_water_share,8.000000000000000000000,12.000000000000000000000,15.000000000000000000000,20.000000000000000000000
households_heater_electricity_share,1.500000000000000000000,1.500000000000000000000,2.800000000000000000000,4.000000000000000000000
households_heater_heatpump_air_water_electricity_share,13.080000000000000000000,25.220000000000000000000,33.600000000000000000000,42.000000000000000000000
households_heater_heatpump_ground_water_electricity_share,4.360000000000000000000,8.410000000000000000000,8.200000000000000000000,8.000000000000000000000
households_heater_heatpump_pvt_electricity_share,0.000000000000000000000,0.000000000000000000000,0.000000000000000000000,0.000000000000000000000
households_heater_hybrid_heatpump_air_water_electricity_share,14.150000000000000000000,18.100000000000000000000,17.500000000000000000000,3.000000000000000000000
households_heater_hybrid_hydrogen_heatpump_air_water_electricity_share,0.000000000000000000000,0.000000000000000000000,2.000000000000000000000,12.000000000000000000000
households_heater_network_gas_share,2.300000000000000000000,2.300000000000000000000,0.000000000000000000000,0.000000000000000000000
households_heater_wood_pellets_share,4.800000000000000000000,4.800000000000000000000,2.900000000000000000000,1.000000000000000000000
households_heater_crude_oil_share,0.000000000000000000000,0.000000000000000000000,0.000000000000000000000,0.000000000000000000000
households_insulation_level_apartments,18.000000000000000000000,23.000000000000000000000,28.000000000000000000000,28.000000000000000000000
households_insulation_level_corner_houses,21.000000000000000000000,23.000000000000000000000,28.000000000000000000000,28.000000000000000000000
households_insulation_level_detached_houses,18.000000000000000000000,23.000000000000000000000,28.000000000000000000000,28.000000000000000000000
households_insulation_level_semi_detached_houses,18.000000000000000000000,23.000000000000000000000,28.000000000000000000000,28.000000000000000000000
households_insulation_level_terraced_houses,22.000000000000000000000,23.000000000000000000000,28.000000000000000000000,28.000000000000000000000
households_lighting_efficient_fluorescent_electricity_share,6.500000000000000000000,6.500000000000000000000,8.250000000000000000000,10.000000000000000000000
households_lighting_incandescent_electricity_share,0.000000000000000000000,0.000000000000000000000,0.000000000000000000000,0.000000000000000000000
households_lighting_led_electricity_share,93.500000000000000000000,93.500000000000000000000,91.750000000000000000000,90.000000000000000000000
households_number_of_inhabitants,18.500000000000000000000,18.900000000000000000000,19.100000000000000000000,19.500000000000000000000
households_number_of_residences,8744540.000000000000000000000,9000795.000000000000000000000,9067197.000000000000000000000,9200000.000000000000000000000
households_semi_detached_houses_share,8.846539930000000000000,8.846539930000000000000,8.830000000000000000000,8.800000000000000000000
households_solar_pv_solar_radiation_market_penetration,29.000000000000000000000,44.700000000000000000000,68.800000000000000000000,100.000000000000000000000
households_terraced_houses_share,30.063536900000000000000,30.063536900000000000000,29.910000000000000000000,29.600000000000000000000
households_useful_demand_cooking_per_person,0.000000000000000000000,0.000000000000000000000,0.000000000000000000000,0.000000000000000000000
households_useful_demand_electric_appliances,0.000000000000000000000,0.000000000000000000000,0.000000000000000000000,0.000000000000000000000
households_useful_demand_for_cooling,0.000000000000000000000,0.000000000000000000000,0.800000000000000000000,2.500000000000000000000
households_useful_demand_heat_per_person,0.000000000000000000000,0.000000000000000000000,0.000000000000000000000,0.000000000000000000000
households_useful_demand_hot_water_share,0.000000000000000000000,0.000000000000000000000,0.000000000000000000000,0.000000000000000000000
households_useful_demand_lighting,0.000000000000000000000,0.000000000000000000000,0.000000000000000000000,0.000000000000000000000
households_water_heater_solar_thermal_share,4.511956540000000000000,4.511956540000000000000,35.000000000000000000000,50.000000000000000000000
buildings_cooling_airconditioning_share,90.643055200000000000000,90.643055200000000000000,75.000000000000000000000,45.000000000000000000000
buildings_cooling_collective_heatpump_water_water_ts_electricity_share,9.356944800000000000000,9.356944800000000000000,25.000000000000000000000,55.000000000000000000000
buildings_cooling_heatpump_air_water_electricity_share,0.000000000000000000000,0.000000000000000000000,0.000000000000000000000,0.000000000000000000000
buildings_cooling_heatpump_air_water_network_gas_share,0.000000000100000000000,0.000000000100000000000,0.000000000000000000000,0.000000000000000000000
buildings_insulation_level,48.000000000000000000000,49.000000000000000000000,50.000000000000000000000,54.000000000000000000000
buildings_lighting_efficient_fluorescent_electricity_share,6.500000000000000000000,0.000000000000000000000,1.700000000000000000000,5.000000000000000000000
buildings_lighting_led_electricity_share,93.500000000000000000000,100.000000000000000000000,98.300000000000000000000,95.000000000000000000000
buildings_lighting_savings_from_daylight_control_light,20.511000000000000000000,20.511000000000000000000,45.000000000000000000000,95.000000000000000000000
buildings_lighting_savings_from_motion_detection_light,26.520000000000000000000,26.520000000000000000000,49.000000000000000000000,95.000000000000000000000
buildings_lighting_standard_fluorescent_electricity_share,0.000000000000000000000,0.000000000000000000000,0.000000000000000000000,0.000000000000000000000
buildings_solar_pv_solar_radiation_market_penetration,30.000000000000000000000,34.800000000000000000000,64.000000000000000000000,100.000000000000000000000
buildings_space_heater_collective_heatpump_water_water_ts_electricity_share,9.000000000000000000000,9.119095610000000000000,9.000000000000000000000,9.000000000000000000000
buildings_space_heater_combined_hydrogen_share,,0.000000000000000000000,0.000000000000000000000,0.000000000000000000000
buildings_space_heater_district_heating_steam_hot_water_share,7.000000000000000000000,7.000000000000000000000,7.000000000000000000000,12.000000000000000000000
buildings_space_heater_electricity_share,,0.000000000000000000000,0.000000000000000000000,4.000000000000000000000
buildings_space_heater_heatpump_air_water_electricity_share,17.440000000000000000000,25.000000000000000000000,41.800000000000000000000,50.000000000000000000000
buildings_space_heater_heatpump_air_water_network_gas_share,,0.000000000000000000000,0.000000000000000000000,0.000000000000000000000
buildings_space_heater_hybrid_heatpump_air_water_electricity_share,14.959843500000000000000,31.600000010000000000000,18.560000000000000000000,6.500000000000000000000
buildings_space_heater_hybrid_hydrogen_heatpump_air_water_electricity_share,,0.000000000000000000000,5.000000000000000000000,12.500000000000000000000
buildings_space_heater_network_gas_share,49.600156500000000000000,25.500156500000000000000,17.250000000000000000000,5.000000000000000000000
buildings_space_heater_solar_thermal_share,0.153760770000000000000,0.153760770000000000000,35.000000000000000000000,50.000000000000000000000
buildings_space_heater_wood_pellets_share,2.000000000000000000000,1.780747880000000000000,1.390000000000000000000,1.000000000000000000000
buildings_useful_demand_cooling,0.000000000000000000000,0.000000000000000000000,0.700000000000000000000,2.000000000000000000000
buildings_useful_demand_electricity,0.000000000000000000000,0.000000000000000000000,0.000000000000000000000,0.000000000000000000000
buildings_useful_demand_for_appliances,1.500000000000000000000,1.500000000000000000000,1.100000000000000000000,0.300000000000000000000
buildings_useful_demand_for_space_heating,0.000000000000000000000,0.000000000000000000000,0.000000000000000000000,0.000000000000000000000
number_of_buildings,0.600000000000000000000,0.600000000000000000000,0.600000000000000000000,0.570000000000000000000
bunkers_allocated_percentage_aviation,100.000000000000000000000,100.000000000000000000000,100.000000000000000000000,100.000000000000000000000
bunkers_allocated_percentage_shipping,100.000000000000000000000,100.000000000000000000000,100.000000000000000000000,100.000000000000000000000
bunkers_ship_using_ammonia_share,,,0.000000000000000000000,
bunkers_ship_using_heavy_fuel_oil_share,100.000000000000000000000,100.000000000000000000000,100.000000000000000000000,72.000000000000000000000
bunkers_ship_using_hydrogen_share,0.000000000000000000000,0.000000000000000000000,0.000000000000000000000,28.000000000000000000000
bunkers_ship_using_lng_share,0.000000000000000000000,0.000000000000000000000,0.000000000000000000000,0.000000000000000000000
bunkers_useful_demand_planes,0.800000000000000000000,0.800000000000000000000,0.000000000000000000000,0.800000000000000000000
bunkers_useful_demand_ships,0.400000000000000000000,0.400000000000000000000,0.000000000000000000000,0.400000000000000000000
transport_bicycle_using_electricity_share,36.000000000000000000000,39.000000000000000000000,42.670000000000000000000,50.000000000000000000000
transport_bicycle_using_human_power_share,64.000000000000000000000,61.000000000000000000000,57.330000000000000000000,50.000000000000000000000
transport_bicycles_share,,7.550897530000000000000,8.500000000000000000000,10.300000000000000000000
transport_bus_using_compressed_natural_gas_share,0.000000000000000000000,0.000000000000000000000,0.000000000000000000000,0.000000000000000000000
transport_bus_using_diesel_mix_share,0.000000000000000000000,0.000000000000000000000,0.000000000000000000000,0.000000000000000000000
transport_bus_using_electricity_share,100.000000000000000000000,99.200000000000000000000,91.140000000000000000000,75.000000000000000000000
transport_bus_using_gasoline_mix_share,0.000000000000000000000,0.000000000000000000000,0.000000000000000000000,0.000000000000000000000
transport_bus_using_hydrogen_share,0.000000000000000000000,0.800000000000000000000,8.860000000000000000000,25.000000000000000000000
transport_bus_using_lng_share,0.000000000000000000000,0.000000000000000000000,0.000000000000000000000,0.000000000000000000000
transport_busses_share,,6.359695790000000000000,7.340000000000000000000,9.300000000000000000000
transport_car_using_compressed_natural_gas_share,0.000000000000000000000,0.000000000000000000000,0.000000000000000000000,0.000000000000000000000
transport_car_using_diesel_mix_share,5.000000000000000000000,0.000000000000000000000,0.000000000000000000000,0.000000000000000000000
transport_car_using_electricity_share,35.000000000000000000000,50.000000000000000000000,60.000000000000000000000,100.000000000000000000000
transport_car_using_gasoline_mix_share,60.000000000000000000000,50.000000000000000000000,36.240000000000000000000,0.000000000000000000000
transport_car_using_hydrogen_share,0.000000000000000000000,0.000000000000000000000,3.760000000000000000000,0.000000000000000000000
transport_car_using_lpg_share,0.000000000000000000000,0.000000000000000000000,0.000000000000000000000,0.000000000000000000000
transport_cars_share,73.188267600000000000000,72.688267600000000000000,69.073278400000000000000,60.600000000000000000000
transport_freight_train_using_diesel_mix_share,4.518335800000000000000,1.800000000000000000000,1.200000000000000000000,0.000000000000000000000
transport_freight_train_using_electricity_share,94.981664200000000000000,97.700000000000000000000,98.470000000000000000000,100.000000000000000000000
transport_freight_train_using_hydrogen_share,0.500000000000000000000,0.500000000000000000000,0.330000000000000000000,0.000000000000000000000
transport_freight_trains_share,1.750139800000000000000,1.750139800000000000000,2.000000000000000000000,2.600000000000000000000
transport_motorcycle_using_electricity_share,35.300000000000000000000,54.000000000000000000000,69.300000000000000000000,100.000000000000000000000
transport_motorcycle_using_gasoline_mix_share,64.700000000000000000000,46.000000000000000000000,30.700000000000000000000,0.000000000000000000000
transport_motorcycles_share,,2.911540760000000000000,2.910000000000000000000,3.500000000000000000000
transport_passenger_train_using_coal_share,0.000000000000000000000,0.000000000000000000000,0.000000000000000000000,0.000000000000000000000
transport_passenger_train_using_diesel_mix_share,0.500000000000000000000,0.000000000000000000000,0.000000000000000000000,0.000000000000000000000
transport_passenger_train_using_electricity_share,99.000000000000000000000,99.500000000000000000000,99.700000000000000000000,100.000000000000000000000
transport_passenger_train_using_hydrogen_share,0.500000000000000000000,0.500000000000000000000,0.300000000000000000000,0.000000000000000000000
transport_passenger_trains_share,9.812876700000000000000,10.312876700000000000000,12.000000000000000000000,15.400000000000000000000
transport_plane_using_bio_ethanol_share,0.000000000000000000000,0.000000000000000000000,0.000000000000000000000,0.000000000000000000000
transport_plane_using_electricity_share,,,16.700000000000000000000,50.000000000000000000000
transport_plane_using_gasoline_share,4.922496400000000000000,4.922496400000000000000,3.280000000000000000000,0.000000000000000000000
transport_plane_using_hydrogen_share,,,16.700000000000000000000,50.000000000000000000000
transport_plane_using_kerosene_share,95.077503600000000000000,95.077503600000000000000,63.320000000000000000000,0.000000000000000000000
transport_planes_share,,0.078712850000000000000,0.078712850000000000000,0.100000000000000000000
transport_ship_using_ammonia_share,,,0.000000000000000000000,
transport_ship_using_diesel_mix_share,94.100000000000000000000,87.600000000000000000000,58.430000000000000000000,0.000000000000000000000
transport_ship_using_electricity_share,3.500000000000000000000,9.400000000000000000000,31.270000000000000000000,75.000000000000000000000
transport_ship_using_hydrogen_share,1.200000000000000000000,1.800000000000000000000,1.200000000000000000000,0.000000000000000000000
transport_ship_using_lng_mix_share,1.200000000000000000000,1.200000000000000000000,9.100000000000000000000,25.000000000000000000000
transport_ships_share,19.959381400000000000000,19.959381400000000000000,23.300000000000000000000,29.200000000000000000000
transport_trams_share,,0.098008730000000000000,0.098008730000000000000,0.800000000000000000000
transport_truck_using_compressed_natural_gas_share,0.000000000000000000000,0.000000000000000000000,0.000000000000000000000,0.000000000000000000000
transport_truck_using_diesel_mix_share,80.000000000000000000000,45.000000000000000000000,30.000000000000000000000,10.000000000000000000000
transport_truck_using_electricity_share,20.000000000000000000000,50.000000000000000000000,60.000000000000000000000,75.000000000000000000000
transport_truck_using_gasoline_mix_share,0.000000000000000000000,0.000000000000000000000,0.000000000000000000000,0.000000000000000000000
transport_truck_using_hydrogen_share,0.000000000000000000000,5.000000000000000000000,10.000000000000000000000,15.000000000000000000000
transport_truck_using_lng_mix_share,0.000000000000000000000,0.000000000000000000000,0.000000000000000000000,0.000000000000000000000
transport_trucks_share,77.603745000000000000000,77.603745000000000000000,74.013266200000000000000,67.500000000000000000000
transport_useful_demand_freight_tonne_kms,0.200000000000000000000,0.200000000000000000000,0.500000000000000000000,1.000000000000000000000
transport_useful_demand_passenger_kms,1.600000000000000000000,1.600000000000000000000,1.000000000000000000000,0.400000000000000000000
transport_van_using_compressed_natural_gas_share,0.000000000000000000000,0.000000000000000000000,0.000000000000000000000,0.000000000000000000000
transport_van_using_diesel_mix_share,62.013894090000000000000,37.013894090000000000000,28.010000000000000000000,0.000000000000000000000
transport_van_using_electricity_share,35.000000000000000000000,60.000000000000000000000,70.000000000000000000000,100.000000000000000000000
transport_van_using_gasoline_mix_share,0.659918820000000000000,0.659918820000000000000,0.440000000000000000000,0.000000000000000000000
transport_van_using_hydrogen_share,0.000000000000000000000,0.000000000000000000000,0.000000000000000000000,0.000000000000000000000
transport_van_using_lpg_share,2.326187090000000000000,2.326187090000000000000,1.550000000000000000000,0.000000000000000000000
transport_vans_share,0.686733780000000000000,0.686733780000000000000,0.686733780000000000000,0.700000000000000000000
capacity_of_industry_chemicals_fertilizers_flexibility_p2h_electricity,0.000000000000000000000,0.000000000000000000000,0.000000000000000000000,
capacity_of_industry_chemicals_other_flexibility_p2h_electricity,0.000000000000000000000,0.000000000000000000000,0.000000000000000000000,
capacity_of_industry_chemicals_refineries_flexibility_p2h_electricity,0.000000000000000000000,0.000000000000000000000,0.000000000000000000000,0.000000000000000000000
capacity_of_industry_chp_combined_cycle_gas_power_fuelmix,1238.000000000000000000000,807.000000000000000000000,484.000000000000000000000,0.000000000000000000000
capacity_of_industry_chp_engine_gas_power_fuelmix,62.000000000000000000000,62.000000000000000000000,62.000000000000000000000,0.000000000000000000000
capacity_of_industry_chp_turbine_gas_power_fuelmix,942.000000000000000000000,646.000000000000000000000,322.000000000000000000000,0.000000000000000000000
capacity_of_industry_chp_turbine_hydrogen,,,0.000000000000000000000,
capacity_of_industry_chp_ultra_supercritical_coal,0.000000000000000000000,0.000000000000000000000,0.000000000000000000000,0.000000000000000000000
capacity_of_industry_chp_wood_pellets,0.000000000000000000000,0.000000000000000000000,0.000000000000000000000,0.000000000000000000000
capacity_of_industry_heat_burner_coal,0.000000000000000000000,0.000000000000000000000,0.000000000000000000000,0.000000000000000000000
capacity_of_industry_heat_burner_crude_oil,730.327709000000000000000,730.327709000000000000000,0.000000000000000000000,0.000000000000000000000
capacity_of_industry_heat_burner_hydrogen,,,0.000000000000000000000,
capacity_of_industry_heat_well_geothermal,0.000000000000000000000,0.000000000000000000000,0.000000000000000000000,0.000000000000000000000
capacity_of_industry_other_food_flexibility_p2h_electricity,708.000000000000000000000,1070.000000000000000000000,750.000000000000000000000,147.400000000000000000000
capacity_of_industry_other_paper_flexibility_p2h_electricity,178.000000000000000000000,260.000000000000000000000,190.000000000000000000000,43.300000000000000000000
industry_aggregated_other_industry_coal_share,0.000000000000000000000,0.000000000000000000000,0.000000000000000000000,0.000000000000000000000
industry_aggregated_other_industry_crude_oil_share,0.000000000000000000000,0.000000000000000000000,0.000000000000000000000,0.000000000000000000000
industry_aggregated_other_industry_electricity_share,50.000000000000000000000,72.000000000000000000000,77.000000000000000000000,88.000000000000000000000
industry_aggregated_other_industry_hydrogen_share,3.000000000000000000000,3.000000000000000000000,5.000000000000000000000,11.200000000000000000000
industry_aggregated_other_industry_network_gas_share,47.000000000000000000000,22.519543900000000000000,17.000000000000000000000,0.000000000000000000000
industry_aggregated_other_industry_useable_heat_share,0.000000000000000000000,2.480456080000000000000,1.000000000000000000000,0.000000000000000000000
industry_aggregated_other_industry_wood_pellets_share,0.000000000000000000000,0.000000000000000000000,0.000000000000000000000,0.800000000000000000000
industry_aluminium_carbothermalreduction_electricity_share,0.000000000000000000000,0.000000000000000000000,0.000000000000000000000,0.000000000000000000000
industry_aluminium_electrolysis_bat_electricity_share,0.000000000000000000000,0.000000000000000000000,16.666666700000000000000,50.000000000000000000000
industry_aluminium_electrolysis_current_electricity_share,64.285714300000000000000,64.285714300000000000000,42.857142900000000000000,0.000000000000000000000
industry_aluminium_production,89.500000000000000000000,85.100000000000000000000,0.000000000000000000000,0.000000000000000000000
industry_aluminium_smeltoven_electricity_share,35.714285700000000000000,35.714285700000000000000,40.476190500000000000000,50.000000000000000000000
industry_chemicals_fertilizers_burner_coal_share,0.000000000000000000000,0.000000000000000000000,0.000000000000000000000,0.000000000000000000000
industry_chemicals_fertilizers_burner_crude_oil_share,0.000000000000000000000,0.000000000000000000000,0.000000000000000000000,0.000000000000000000000
industry_chemicals_fertilizers_burner_hydrogen_share,0.000000000000000000000,0.000000000000000000000,0.000000000000000000000,100.000000000000000000000
industry_chemicals_fertilizers_burner_network_gas_share,78.715170300000000000000,78.715170300000000000000,78.715170300000000000000,0.000000000000000000000
industry_chemicals_fertilizers_burner_wood_pellets_share,0.000000000000000000000,0.000000000000000000000,0.000000000000000000000,0.000000000000000000000
industry_chemicals_fertilizers_central_ammonia_share,0.000000000000000000000,0.000000000000000000000,0.000000000000000000000,0.000000000000000000000
industry_chemicals_fertilizers_local_ammonia_central_hydrogen_share,100.000000000000000000000,100.000000000000000000000,100.000000000000000000000,100.000000000000000000000
industry_chemicals_fertilizers_local_ammonia_local_hydrogen_share,0.000000000000000000000,0.000000000000000000000,0.000000000000000000000,0.000000000000000000000
industry_chemicals_other_burner_coal_share,0.000000000000000000000,0.000000000000000000000,0.000000000000000000000,0.000000000000000000000
industry_chemicals_other_burner_crude_oil_share,15.000000000000000000000,10.000000000000000000000,0.000000000000000000000,0.000000000000000000000
industry_chemicals_other_burner_hydrogen_share,30.000000000000000000000,30.000000000000000000000,30.000000000000000000000,30.000000000000000000000
industry_chemicals_other_burner_network_gas_share,10.000000000000000000000,10.000000000000000000000,5.000000000000000000000,0.000000000000000000000
industry_chemicals_other_burner_wood_pellets_share,0.000000000000000000000,0.000000000000000000000,0.000000000000000000000,0.000000000000000000000
industry_chemicals_other_coal_non_energetic_share,0.000000000000000000000,0.000000000000000000000,0.000000000000000000000,0.000000000000000000000
industry_chemicals_other_crude_oil_non_energetic_share,83.801539000000000000000,73.801539000000000000000,50.000000000000000000000,0.000000000000000000000
industry_chemicals_other_heater_electricity_share,30.000000000000000000000,40.000000000000000000000,60.000000000000000000000,70.000000000000000000000
industry_chemicals_other_heatpump_water_water_electricity_share,0.000000000000000000000,0.000000000000000000000,0.000000000000000000000,0.000000000000000000000
industry_chemicals_other_hydrogen_non_energetic_share,0.000000000000000000000,0.000000000000000000000,0.000000000000000000000,0.000000000000000000000
industry_chemicals_other_network_gas_non_energetic_share,11.198461000000000000000,11.198461000000000000000,11.198461000000000000000,0.000000000000000000000
industry_chemicals_other_steam_recompression_electricity_share,0.000000000000000000000,0.000000000000000000000,0.000000000000000000000,0.000000000000000000000
industry_chemicals_other_wood_pellets_non_energetic_share,5.000000000000000000000,15.000000000000000000000,38.801539000000000000000,100.000000000000000000000
industry_chemicals_refineries_burner_coal_share,0.000000000000000000000,0.000000000000000000000,0.000000000000000000000,0.000000000000000000000
industry_chemicals_refineries_burner_crude_oil_share,24.219284380000000000000,14.219284380000000000000,4.219284380000000000000,0.000000000000000000000
industry_chemicals_refineries_burner_hydrogen_share,40.000000000000000000000,50.000000000000000000000,60.000000000000000000000,100.000000000000000000000
industry_chemicals_refineries_burner_network_gas_share,27.813833800000000000000,27.813833800000000000000,27.813833800000000000000,0.000000000000000000000
industry_chemicals_refineries_burner_wood_pellets_share,0.000000000000000000000,0.000000000000000000000,0.000000000000000000000,0.000000000000000000000
industry_final_demand_for_chemical_fertilizers_steam_hot_water_share,21.284829700000000000000,21.284829700000000000000,21.284829700000000000000,0.000000000000000000000
industry_final_demand_for_chemical_other_steam_hot_water_share,15.000000000000000000000,10.000000000000000000000,5.000000000000000000000,0.000000000000000000000
industry_final_demand_for_chemical_refineries_steam_hot_water_share,7.966881820000000000000,7.966881820000000000000,7.966881820000000000000,0.000000000000000000000
industry_final_demand_for_other_food_steam_hot_water_share,0.816315890000000000000,0.816315890000000000000,0.000000000000000000000,0.000000000000000000000
industry_final_demand_for_other_paper_steam_hot_water_share,8.000000000000000000000,0.000000000000000000000,0.000000000000000000000,0.000000000000000000000
industry_other_food_burner_coal_share,0.000000000000000000000,0.000000000000000000000,0.000000000000000000000,0.000000000000000000000
industry_other_food_burner_crude_oil_share,0.000000000000000000000,0.000000000000000000000,0.000000000000000000000,0.000000000000000000000
industry_other_food_burner_hydrogen_share,1.000000000000000000000,1.000000000000000000000,5.000000000000000000000,14.400000000000000000000
industry_other_food_burner_network_gas_share,78.183684100000000000000,78.183684100000000000000,59.000000000000000000000,0.000000000000000000000
industry_other_food_burner_wood_pellets_share,0.000000000000000000000,0.000000000000000000000,0.000000000000000000000,0.000000000000000000000
industry_other_food_heater_electricity_share,20.000000000000000000000,20.000000000000000000000,36.000000000000000000000,85.600000000000000000000
industry_other_metals_process_electricity_efficiency,0.000000000000000000000,0.000000000000000000000,0.000000000000000000000,0.000000000000000000000
industry_other_metals_process_heat_useable_heat_efficiency,0.000000000000000000000,0.000000000000000000000,0.666666670000000000000,2.000000000000000000000
industry_other_metals_production,89.500000000000000000000,85.100000000000000000000,0.000000000000000000000,0.000000000000000000000
industry_other_paper_burner_coal_share,0.000000000000000000000,0.000000000000000000000,0.000000000000000000000,0.000000000000000000000
industry_other_paper_burner_crude_oil_share,0.000000000000000000000,0.000000000000000000000,0.000000000000000000000,0.000000000000000000000
industry_other_paper_burner_hydrogen_share,0.000000000000000000000,0.000000000000000000000,6.000000000000000000000,25.700000000000000000000
industry_other_paper_burner_network_gas_share,72.000000000000000000000,80.000000000000000000000,61.500000000000000000000,0.000000000000000000000
industry_other_paper_burner_wood_pellets_share,0.000000000000000000000,0.000000000000000000000,0.000000000000000000000,0.000000000000000000000
industry_other_paper_heater_electricity_share,20.000000000000000000000,20.000000000000000000000,32.500000000000000000000,74.300000000000000000000
industry_steel_blastfurnace_bof_share,100.000000000000000000000,100.000000000000000000000,0.000000000000000000000,0.000000000000000000000
industry_steel_cyclonefurnace_bof_share,0.000000000000000000000,0.000000000000000000000,0.000000000000000000000,0.000000000000000000000
industry_steel_dri_hydrogen_share,0.000000000000000000000,0.000000000000000000000,100.000000000000000000000,100.000000000000000000000
industry_steel_dri_network_gas_share,0.000000000000000000000,0.000000000000000000000,0.000000000000000000000,0.000000000000000000000
industry_steel_production,100.000000000000000000000,100.000000000000000000000,100.000000000000000000000,
industry_steel_scrap_hbi_eaf_share,0.000000000000000000000,0.000000000000000000000,0.000000000000000000000,0.000000000000000000000
industry_useful_demand_for_aggregated_other,93.500000000000000000000,88.900000000000000000000,90.000000000000000000000,75.600000000000000000000
industry_useful_demand_for_chemical_fertilizers,100.000000000000000000000,95.000000000000000000000,90.000000000000000000000,85.000000000000000000000
industry_useful_demand_for_chemical_fertilizers_electricity_efficiency,0.000000000000000000000,0.000000000000000000000,0.000000000000000000000,
industry_useful_demand_for_chemical_fertilizers_useable_heat_efficiency,0.000000000000000000000,0.000000000000000000000,0.000000000000000000000,
industry_useful_demand_for_chemical_other,100.000000000000000000000,100.000000000000000000000,100.000000000000000000000,100.000000000000000000000
industry_useful_demand_for_chemical_other_electricity_efficiency,-1.000000000000000000000,-2.000000000000000000000,-2.000000000000000000000,-2.000000000000000000000
industry_useful_demand_for_chemical_other_useable_heat_efficiency,3.000000000000000000000,2.000000000000000000000,1.000000000000000000000,0.000000000000000000000
industry_useful_demand_for_chemical_refineries,80.000000000000000000000,50.000000000000000000000,25.000000000000000000000,0.000000000000000000000
industry_useful_demand_for_chemical_refineries_electricity_efficiency,0.000000000000000000000,0.000000000000000000000,0.000000000000000000000,0.000000000000000000000
industry_useful_demand_for_chemical_refineries_useable_heat_efficiency,0.000000000000000000000,0.000000000000000000000,0.000000000000000000000,0.000000000000000000000
industry_useful_demand_for_other_food,100.000000000000000000000,100.000000000000000000000,100.000000000000000000000,100.000000000000000000000
industry_useful_demand_for_other_food_efficiency,1.200000000000000000000,1.200000000000000000000,1.500000000000000000000,2.000000000000000000000
industry_useful_demand_for_other_ict,240.000000000000000000000,287.000000000000000000000,335.750000000000000000000,650.000000000000000000000
industry_useful_demand_for_other_ict_efficiency,0.000000000000000000000,0.000000000000000000000,0.000000000000000000000,1.500000000000000000000
industry_useful_demand_for_other_paper,100.000000000000000000000,100.000000000000000000000,100.000000000000000000000,100.000000000000000000000
industry_useful_demand_for_other_paper_efficiency,1.500000000000000000000,1.500000000000000000000,1.900000000000000000000,2.700000000000000000000
agriculture_burner_crude_oil_share,0.000000000000000000000,0.000000000000000000000,0.000000000000000000000,0.000000000000000000000
agriculture_burner_hydrogen_share,0.000000000000000000000,0.000000000000000000000,2.000000000000000000000,5.000000000000000000000
agriculture_burner_network_gas_share,15.000000000000000000000,10.000000000000000000000,5.000000000000000000000,0.000000000000000000000
agriculture_burner_wood_pellets_share,3.000000000000000000000,3.000000000000000000000,5.000000000000000000000,5.000000000000000000000
agriculture_final_demand_central_steam_hot_water_share,0.000000000000000000000,0.000000000000000000000,0.000000000000000000000,0.000000000000000000000
agriculture_final_demand_local_steam_hot_water_share,20.000000000000000000000,0.000000000000000000000,0.000000000000000000000,0.000000000000000000000
agriculture_geothermal_share,50.000000000000000000000,70.000000000000000000000,70.000000000000000000000,70.000000000000000000000
agriculture_heatpump_water_water_electricity_share,0.000000000000000000000,0.000000000000000000000,0.000000000000000000000,0.000000000000000000000
agriculture_heatpump_water_water_ts_electricity_share,12.000000000000000000000,17.000000000000000000000,18.000000000000000000000,20.000000000000000000000
agriculture_useful_demand_electricity,0.000000000000000000000,0.000000000000000000000,0.700000000000000000000,0.500000000000000000000
agriculture_useful_demand_useable_heat,-1.000000000000000000000,-1.000000000000000000000,0.000000000000000000000,0.000000000000000000000
capacity_of_agriculture_chp_engine_biogas,0.000000000000000000000,0.000000000000000000000,0.000000000000000000000,0.000000000000000000000
capacity_of_agriculture_chp_engine_network_gas_dispatchable,1350.000000000000000000000,807.000000000000000000000,310.000000000000000000000,0.000000000000000000000
capacity_of_agriculture_chp_engine_network_gas_must_run,1350.000000000000000000000,807.000000000000000000000,103.000000000000000000000,0.000000000000000000000
capacity_of_agriculture_chp_wood_pellets,0.000000000000000000000,0.000000000000000000000,0.000000000000000000000,0.000000000000000000000
capacity_of_agriculture_flexibility_p2h_electricity,0.000000000000000000000,0.000000000000000000000,0.000000000000000000000,0.000000000000000000000
other_useful_demand_electricity,0.000000000000000000000,0.000000000000000000000,0.000000000000000000000,-5.000000000000000000000
other_useful_demand_non_energetic,0.000000000000000000000,0.000000000000000000000,0.000000000000000000000,-5.000000000000000000000
other_useful_demand_useable_heat,0.000000000000000000000,0.000000000000000000000,0.000000000000000000000,-5.000000000000000000000
capacity_of_energy_battery_solar_pv_solar_radiation,0.000000000000000000000,0.000000000000000000000,0.000000000000000000000,0.000000000000000000000
capacity_of_energy_battery_wind_turbine_inland,0.000000000000000000000,0.000000000000000000000,0.000000000000000000000,0.000000000000000000000
capacity_of_energy_chp_combined_cycle_network_gas,1730.000000000000000000000,108.000000000000000000000,108.000000000000000000000,0.000000000000000000000
capacity_of_energy_chp_local_engine_biogas,118.000000000000000000000,118.000000000000000000000,105.217334000000000000000,0.000000000000000000000
capacity_of_energy_chp_local_engine_network_gas,144.000000000000000000000,95.000000000000000000000,0.000000000000000000000,0.000000000000000000000
capacity_of_energy_chp_local_wood_pellets,297.000000000000000000000,297.000000000000000000000,49.496739600000000000000,0.000000000000000000000
capacity_of_energy_chp_supercritical_waste_mix,894.649009000000000000000,482.000000000000000000000,894.649009000000000000000,
capacity_of_energy_chp_ultra_supercritical_coal,0.000000000000000000000,0.000000000000000000000,0.000000000000000000000,0.000000000000000000000
capacity_of_energy_chp_ultra_supercritical_cofiring_coal,0.000000000000000000000,0.000000000000000000000,0.000000000000000000000,0.000000000000000000000
capacity_of_energy_power_combined_cycle_coal,0.000000000000000000000,0.000000000000000000000,0.000000000000000000000,0.000000000000000000000
capacity_of_energy_power_combined_cycle_hydrogen,1410.000000000000000000000,6000.000000000000000000000,2970.000000000000000000000,3000.000000000000000000000
capacity_of_energy_power_combined_cycle_network_gas,7833.000000000000000000000,6179.000000000000000000000,4920.000000000000000000000,0.000000000000000000000
capacity_of_energy_power_engine_diesel,11.000000000000000000000,11.000000000000000000000,0.000000000000000000000,0.000000000000000000000
capacity_of_energy_power_engine_network_gas,0.000000000000000000000,0.000000000000000000000,0.000000000000000000000,0.000000000000000000000
capacity_of_energy_power_geothermal,0.000000000000000000000,0.000000000000000000000,0.000000000000000000000,0.000000000000000000000
capacity_of_energy_power_hydro_river,37.001381500000000000000,37.001381500000000000000,37.001381500000000000000,37.000000000000000000000
capacity_of_energy_power_nuclear_gen2_uranium_oxide,485.000000000000000000000,2000.000000000000000000000,3500.000000000000000000000,3500.000000000000000000000
capacity_of_energy_power_nuclear_gen3_uranium_oxide,0.000000000000000000000,0.000000000000000000000,0.000000000000000000000,0.000000000000000000000
capacity_of_energy_power_nuclear_small_modular_reactor_uranium_oxide,0.000000000000000000000,0.000000000000000000000,0.000000000000000000000,3500.000000000000000000000
capacity_of_energy_power_solar_pv_offshore,0.000000000000000000000,0.000000000000000000000,0.000000000000000000000,0.000000000000000000000
capacity_of_energy_power_solar_pv_solar_radiation,17000.000000000000000000000,22000.000000000000000000000,41800.000000000000000000000,49500.000000000000000000000
capacity_of_energy_power_supercritical_coal,0.000000000000000000000,0.000000000000000000000,0.000000000000000000000,0.000000000000000000000
capacity_of_energy_power_supercritical_waste_mix,0.000000000000000000000,283.000000000000000000000,0.000000000000000000000,
capacity_of_energy_power_turbine_hydrogen,0.000000000000000000000,0.000000000000000000000,5940.000000000000000000000,12000.000000000000000000000
capacity_of_energy_power_turbine_network_gas,9.000000000000000000000,9.000000000000000000000,9.000000000000000000000,0.000000000000000000000
capacity_of_energy_power_ultra_supercritical_coal,0.000000000000000000000,0.000000000000000000000,0.000000000000000000000,0.000000000000000000000
capacity_of_energy_power_ultra_supercritical_cofiring_coal,0.000000000000000000000,0.000000000000000000000,0.000000000000000000000,0.000000000000000000000
capacity_of_energy_power_ultra_supercritical_crude_oil,0.000000000000000000000,0.000000000000000000000,0.000000000000000000000,
capacity_of_energy_power_ultra_supercritical_network_gas,81.000000000000000000000,81.000000000000000000000,23.000000000000000000000,0.000000000000000000000
capacity_of_energy_power_wind_turbine_coastal,0.000000000000000000000,0.000000000000000000000,0.000000000000000000000,0.000000000000000000000
capacity_of_energy_power_wind_turbine_inland,8800.000000000000000000000,12000.000000000000000000000,16767.123287671200000000000,17000.000000000000000000000
capacity_of_energy_power_wind_turbine_offshore,17000.000000000000000000000,35000.000000000000000000000,50000.000000000000000000000,72000.000000000000000000000
merit_order_subtype_of_energy_power_nuclear_uranium_oxide,1.000000000000000000000,1.000000000000000000000,1.000000000000000000000,1.000000000000000000000
share_of_energy_steel_chemical_feedstock_coal_gas,0.000000000000000000000,0.000000000000000000000,0.000000000000000000000,0.000000000000000000000
share_of_energy_steel_energy_production_coal_gas,100.000000000000000000000,100.000000000000000000000,100.000000000000000000000,100.000000000000000000000
capacity_of_energy_heat_boiler_electricity,,,,
capacity_of_energy_heat_burner_hydrogen,0.000000000000000000000,0.000000000000000000000,0.000000000000000000000,0.000000000000000000000
capacity_of_energy_heat_burner_network_gas,0.000000000000000000000,0.000000000000000000000,0.000000000000000000000,0.000000000000000000000
capacity_of_energy_heat_burner_waste_mix,0.000000000000000000000,0.000000000000000000000,0.000000000000000000000,0.000000000000000000000
capacity_of_energy_heat_burner_wood_pellets,360.130192000000000000000,360.130192000000000000000,100.000000000000000000000,0.000000000000000000000
capacity_of_energy_heat_heatpump_water_water_electricity,850.000000000000000000000,1020.000000000000000000000,1200.000000000000000000000,3000.000000000000000000000
capacity_of_energy_heat_solar_thermal,0.000000000000000000000,0.000000000000000000000,0.000000000000000000000,0.000000000000000000000
capacity_of_energy_heat_well_geothermal,1085.000000000000000000000,1670.000000000000000000000,2000.000000000000000000000,2300.000000000000000000000
co2_emissions_of_imported_heat,35.970000000000000000000,35.970000000000000000000,35.970000000000000000000,0.000000000000000000000
energy_heat_distribution_loss_share,18.000000000000000000000,20.000000000000000000000,15.000000000000000000000,15.000000000000000000000
energy_heat_network_storage_loss_share,30.000006800000000000000,30.000006800000000000000,30.000006800000000000000,30.000000000000000000000
energy_heat_network_storage_output_capacity_share,100.000000000000000000000,100.000000000000000000000,140.000000000000000000000,118.000000000000000000000
heat_storage_enabled,1.000000000000000000000,1.000000000000000000000,1.000000000000000000000,1.000000000000000000000
share_of_industry_chemicals_fertilizers_reused_residual_heat,24.000000000000000000000,28.000000000000000000000,25.333333300000000000000,20.000000000000000000000
share_of_industry_chemicals_other_reused_residual_heat,24.000000000000000000000,28.000000000000000000000,52.000000000000000000000,100.000000000000000000000
share_of_industry_chemicals_refineries_reused_residual_heat,24.000000000000000000000,28.000000000000000000000,18.666666700000000000000,0.000000000000000000000
share_of_industry_other_ict_reused_residual_heat,0.000000000000000000000,0.000000000000000000000,6.666666670000000000000,20.000000000000000000000
volume_of_imported_heat,0.000000000000000000000,0.000000000000000000000,0.000000000000000000000,0.000000000000000000000
capacity_of_energy_hydrogen_ammonia_reformer,,,0.000000000000000000000,
capacity_of_energy_hydrogen_autothermal_reformer,,,0.000000000000000000000,
capacity_of_energy_hydrogen_biomass_gasification,0.000000000000000000000,0.000000000000000000000,370.000000000000000000000,370.000000000000000000000
capacity_of_energy_hydrogen_solar_pv_solar_radiation,0.000000000000000000000,0.000000000000000000000,0.000000000000000000000,0.000000000000000000000
capacity_of_energy_hydrogen_steam_methane_reformer,4467.000000000000000000000,4467.000000000000000000000,4467.000000000000000000000,0.000000000000000000000
capacity_of_energy_hydrogen_wind_turbine_offshore,0.000000000000000000000,0.000000000000000000000,0.000000000000000000000,0.000000000000000000000
capacity_of_energy_imported_ammonia_baseload,,,0.000000000000000000000,
capacity_of_energy_imported_hydrogen_baseload,0.000000000000000000000,0.000000000000000000000,0.000000000000000000000,0.000000000000000000000
co2_emissions_of_imported_ammonia_future,,,348.387098000000000000000,
co2_emissions_of_imported_ammonia_present,,,348.387098000000000000000,
co2_emissions_of_imported_hydrogen_future,0.000000000000000000000,0.000000000000000000000,0.000000000000000000000,0.000000000000000000000
co2_emissions_of_imported_hydrogen_present,280.800000000000000000000,280.800000000000000000000,0.000000000000000000000,0.000000000000000000000
energy_transport_hydrogen_compressed_trucks_share,1.000000000000000000000,1.000000000000000000000,1.000000000000000000000,1.000000000000000000000
energy_transport_hydrogen_pipelines_share,99.000000000000000000000,99.000000000000000000000,99.000000000000000000000,99.000000000000000000000
bunkers_plane_using_bio_kerosene_share,14.000000000000000000000,14.000000000000000000000,42.670000000000000000000,100.000000000000000000000
bunkers_plane_using_kerosene_share,86.000000000000000000000,86.000000000000000000000,57.330000000000000000000,0.000000000000000000000
fuel_production_coal,0.000000000000000000000,0.000000000000000000000,0.000000000000000000000,0.000000000000000000000
fuel_production_crude_oil,0.000000000000000000000,0.000000000000000000000,0.000000000000000000000,0.000000000000000000000
fuel_production_natural_gas,146.000000000000000000000,60.000000000000000000000,26.000000000000000000000,0.000000000000000000000
fuel_production_uranium_oxide,0.000000000000000000000,0.000000000000000000000,0.000000000000000000000,0.000000000000000000000
transport_rail_mixer_diesel_biodiesel_share,14.000000000000000000000,17.150000000000000000000,44.760000000000000000000,100.000000000000000000000
transport_rail_mixer_diesel_diesel_share,86.000000000000000000000,82.850000000000000000000,55.240000000000000000000,0.000000000000000000000
transport_road_mixer_diesel_biodiesel_share,14.000000000000000000000,17.220000000000000000000,44.810000000000000000000,100.000000000000000000000
transport_road_mixer_diesel_diesel_share,86.000000000000000000000,82.780000000000000000000,55.190000000000000000000,0.000000000000000000000
transport_road_mixer_gasoline_ethanol_share,14.000000000000000000000,18.540000000000000000000,45.690000000000000000000,100.000000000000000000000
transport_road_mixer_gasoline_gasoline_share,86.000000000000000000000,81.460000000000000000000,54.310000000000000000000,0.000000000000000000000
transport_road_mixer_lng_bio_lng_share,0.000000000000000000000,0.000000000000000000000,33.000000000000000000000,100.000000000000000000000
transport_road_mixer_lng_lng_share,100.000000000000000000000,100.000000000000000000000,67.000000000000000000000,0.000000000000000000000
transport_shipping_mixer_diesel_bio_ethanol_share,,,0.000000000000000000000,
transport_shipping_mixer_diesel_bio_lng_share,0.000000000000000000000,0.000000000000000000000,33.000000000000000000000,100.000000000000000000000
transport_shipping_mixer_diesel_biodiesel_share,14.000000000000000000000,19.900000000000000000000,14.700000000000000000000,0.000000000000000000000
transport_shipping_mixer_diesel_diesel_share,86.000000000000000000000,80.100000000000000000000,52.300000000000000000000,0.000000000000000000000
transport_shipping_mixer_diesel_heavy_fuel_oil_share,0.000000000000000000000,0.000000000000000000000,0.000000000000000000000,0.000000000000000000000
transport_shipping_mixer_diesel_lng_share,0.000000000000000000000,0.000000000000000000000,0.000000000000000000000,0.000000000000000000000
transport_shipping_mixer_lng_bio_lng_share,14.000000000000000000000,14.008027200000000000000,42.670000000000000000000,100.000000000000000000000
transport_shipping_mixer_lng_lng_share,86.000000000000000000000,85.991972800000000000000,57.330000000000000000000,0.000000000000000000000
capacity_of_energy_flexibility_flow_batteries_electricity,3000.000000000000000000000,4500.000000000000000000000,7250.000000000000000000000,10000.000000000000000000000
capacity_of_energy_flexibility_hv_opac_electricity,0.000000000000000000000,0.000000000000000000000,0.000000000000000000000,0.000000000000000000000
capacity_of_energy_flexibility_mv_batteries_electricity,6000.000000000000000000000,9000.000000000000000000000,17000.000000000000000000000,25000.000000000000000000000
volume_of_energy_flexibility_flow_batteries_electricity,41.052631600000000000000,41.052631600000000000000,41.052631600000000000000,41.100000000000000000000
volume_of_energy_flexibility_hv_opac_electricity,,,,
capacity_of_energy_heat_flexibility_p2h_boiler_electricity,2000.000000000000000000000,4000.000000000000000000000,4500.000000000000000000000,7000.000000000000000000000
capacity_of_energy_heat_flexibility_p2h_heatpump_electricity,1000.000000000000000000000,2000.000000000000000000000,3500.000000000000000000000,3000.000000000000000000000
capacity_of_energy_hydrogen_flexibility_p2g_electricity,4000.000000000000000000000,10000.000000000000000000000,17500.000000000000000000000,40000.000000000000000000000
capacity_of_industry_chemical_flexibility_load_shifting_electricity,20.000000000000000000000,20.000000000000000000000,35.000000000000000000000,50.000000000000000000000
capacity_of_industry_metal_flexibility_load_shifting_electricity,20.000000000000000000000,20.000000000000000000000,35.000000000000000000000,50.000000000000000000000
capacity_of_industry_other_flexibility_load_shifting_electricity,20.000000000000000000000,20.000000000000000000000,35.000000000000000000000,50.000000000000000000000
capacity_of_industry_other_ict_flexibility_load_shifting_electricity,10.000000000000000000000,10.000000000000000000000,30.000000000000000000000,50.000000000000000000000
volume_of_energy_flexibility_mv_batteries_electricity,,,,
volume_of_energy_flexibility_pumped_storage_electricity,,,,
curtailment_of_buildings_solar_pv_solar_radiation,50.000000000000000000000,50.000000000000000000000,55.000000000000000000000,60.000000000000000000000
curtailment_of_energy_power_solar_pv_offshore,50.000000000000000000000,50.000000000000000000000,55.000000000000000000000,60.000000000000000000000
curtailment_of_energy_power_solar_pv_solar_radiation,50.000000000000000000000,50.000000000000000000000,55.000000000000000000000,60.000000000000000000000
curtailment_of_households_solar_pv_solar_radiation,30.000000000000000000000,30.000000000000000000000,45.000000000000000000000,60.000000000000000000000
deficit_limit_of_industry_chemical_flexibility_load_shifting_electricity,24.000000000000000000000,24.000000000000000000000,72.000000000000000000000,168.000000000000000000000
deficit_limit_of_industry_metal_flexibility_load_shifting_electricity,24.000000000000000000000,24.000000000000000000000,72.000000000000000000000,168.000000000000000000000
deficit_limit_of_industry_other_flexibility_load_shifting_electricity,24.000000000000000000000,24.000000000000000000000,72.000000000000000000000,168.000000000000000000000
deficit_limit_of_industry_other_ict_flexibility_load_shifting_electricity,24.000000000000000000000,24.000000000000000000000,24.000000000000000000000,
flexibility_heat_pump_space_heating_cop_cutoff,2.600000000000000000000,2.600000000000000000000,2.600000000000000000000,2.600000000000000000000
flexibility_heat_pump_water_heating_cop_cutoff,6.000000000000000000000,6.000000000000000000000,6.000000000000000000000,
flexibility_outdoor_temperature,0.212517550000000000000,0.212517550000000000000,0.212517550000000000000,0.600000000000000000000
flexibility_residual_load_curve_moving_average,,,72.000000000000000000000,
flh_of_energy_hydrogen_wind_turbine_offshore,4500.000000000000000000000,4500.000000000000000000000,4750.000000000000000000000,4800.000000000000000000000
flh_of_energy_power_wind_turbine_coastal,3100.000030000000000000000,3200.000000000000000000000,3200.000000000000000000000,3300.000000000000000000000
flh_of_energy_power_wind_turbine_inland,2714.646464646460000000000,2824.074074074070000000000,2882.625272331150000000000,2941.176470588240000000000
flh_of_energy_power_wind_turbine_offshore,4493.464052287580000000000,4500.000000000000000000000,4500.000000000000000000000,4375.000000000000000000000
flh_of_solar_pv_solar_radiation,1012.334940000000000000000,1012.334940000000000000000,1012.334940000000000000000,1000.000000000000000000000
households_flexibility_consumer_electricity_price,22.500000000000000000000,22.500000000000000000000,22.500000000000000000000,
households_flexibility_consumer_gas_price,81.400000000000000000000,81.400000000000000000000,81.400000000000000000000,
volume_of_energy_flexibility_solar_batteries_electricity,,,,
volume_of_energy_flexibility_wind_batteries_electricity,,,,
volume_of_households_flexibility_p2p_electricity,,,,
volume_of_transport_bus_using_electricity,,,,
volume_of_transport_car_using_electricity,,,,
volume_of_transport_truck_using_electricity,,,,
volume_of_transport_van_using_electricity,,,,
settings_weather_curve_set,default,default,default,
settings_enable_storage_optimisation_energy_flexibility_flow_batteries_electricity,1.000000000000000000000,1.000000000000000000000,1.000000000000000000000,1.000000000000000000000
settings_enable_storage_optimisation_energy_flexibility_hv_opac_electricity,0.000000000000000000000,0.000000000000000000000,0.000000000000000000000,1.000000000000000000000
transport_car_using_electricity_fast_charging_share,0.000000000000000000000,0.000000000000000000000,6.000000000000000000000,0.000000000000000000000
transport_car_using_electricity_home_charging_share,0.000000000000000000000,0.000000000000000000000,0.000000000000000000000,0.000000000000000000000
transport_car_using_electricity_hybrid_charging_share,0.000000000000000000000,0.000000000000000000000,0.000000000000000000000,0.000000000000000000000
transport_car_using_electricity_regular_charging_share,0.000000000000000000000,0.000000000000000000000,0.000000000000000000000,0.000000000000000000000
transport_car_using_electricity_smart_charging_share,100.000000000000000000000,100.000000000000000000000,94.000000000000000000000,100.000000000000000000000
settings_enable_storage_optimisation_energy_flexibility_mv_batteries_electricity,1.000000000000000000000,1.000000000000000000000,1.000000000000000000000,1.000000000000000000000
settings_enable_storage_optimisation_energy_flexibility_pumped_storage_electricity,0.000000000000000000000,0.000000000000000000000,0.000000000000000000000,1.000000000000000000000
settings_enable_storage_optimisation_households_flexibility_p2p_electricity,1.000000000000000000000,1.000000000000000000000,1.000000000000000000000,1.000000000000000000000
settings_enable_storage_optimisation_transport_car_flexibility_p2p_electricity,1.000000000000000000000,1.000000000000000000000,1.000000000000000000000,1.000000000000000000000
battery_capacity_always_on_solar_pv_solar_radiation,50.000000000000000000000,50.000000000000000000000,100.000000000000000000000,100.000000000000000000000
battery_capacity_always_on_wind_turbine_inland,100.000000000000000000000,100.000000000000000000000,100.000000000000000000000,100.000000000000000000000
connection_capacity_always_on_solar_pv_solar_radiation,50.000000000000000000000,50.000000000000000000000,25.000000000000000000000,25.000000000000000000000
connection_capacity_always_on_wind_turbine_inland,75.000000000000000000000,75.000000000000000000000,75.000000000000000000000,75.000000000000000000000
households_flexibility_p2p_electricity_market_penetration,10.000000000000000000000,20.000000000000000000000,30.000000000000000000000,40.000000000000000000000
transport_bus_using_electricity_availability,,,0.000000000000000000000,
transport_car_using_electricity_availability,15.000000000000000000000,15.000000000000000000000,17.500000000000000000000,20.000000000000000000000
transport_truck_using_electricity_availability,,,0.000000000000000000000,
transport_van_using_electricity_availability,,,0.000000000000000000000,
wta_of_energy_flexibility_flow_batteries_electricity,10.000000000000000000000,10.000000000000000000000,6.428571430000000000000,6.400000000000000000000
wta_of_energy_flexibility_hv_opac_electricity,10.000000000000000000000,10.000000000000000000000,5.375000000000000000000,10.000000000000000000000
wta_of_energy_flexibility_mv_batteries_electricity,10.000000000000000000000,10.000000000000000000000,10.000000000000000000000,10.000000000000000000000
wta_of_households_flexibility_p2p_electricity,10.000000000000000000000,10.000000000000000000000,10.000000000000000000000,10.000000000000000000000
wta_of_industry_chemical_flexibility_load_shifting_electricity,200.000000000000000000000,200.000000000000000000000,100.000000000000000000000,100.000000000000000000000
wta_of_industry_metal_flexibility_load_shifting_electricity,200.000000000000000000000,200.000000000000000000000,100.000000000000000000000,100.000000000000000000000
wta_of_industry_other_flexibility_load_shifting_electricity,200.000000000000000000000,200.000000000000000000000,100.000000000000000000000,100.000000000000000000000
wta_of_industry_other_ict_flexibility_load_shifting_electricity,200.000000000000000000000,200.000000000000000000000,100.000000000000000000000,100.000000000000000000000
wta_of_transport_car_flexibility_p2p_electricity,10.000000000000000000000,10.000000000000000000000,10.000000000000000000000,10.000000000000000000000
wtp_of_agriculture_flexibility_p2h_electricity,,,22.000000000000000000000,
wtp_of_energy_flexibility_flow_batteries_electricity,5.000000000000000000000,5.000000000000000000000,4.500000000000000000000,4.500000000000000000000
wtp_of_energy_flexibility_hv_opac_electricity,5.000000000000000000000,5.000000000000000000000,4.300000000000000000000,5.000000000000000000000
wtp_of_energy_flexibility_mv_batteries_electricity,5.000000000000000000000,5.000000000000000000000,5.000000000000000000000,5.000000000000000000000
wtp_of_energy_heat_flexibility_p2h_boiler_electricity,25.000000000000000000000,25.000000000000000000000,25.000000000000000000000,25.000000000000000000000
wtp_of_energy_heat_flexibility_p2h_heatpump_electricity,25.000000000000000000000,25.000000000000000000000,25.000000000000000000000,25.000000000000000000000
wtp_of_energy_hydrogen_flexibility_p2g_electricity,30.000000000000000000000,30.000000000000000000000,30.000000000000000000000,30.000000000000000000000
wtp_of_households_flexibility_p2p_electricity,5.000000000000000000000,5.000000000000000000000,5.000000000000000000000,5.000000000000000000000
wtp_of_industry_chemicals_fertilizers_flexibility_p2h_electricity,25.000000000000000000000,25.000000000000000000000,22.000000000000000000000,25.000000000000000000000
wtp_of_industry_chemicals_other_flexibility_p2h_electricity,25.000000000000000000000,25.000000000000000000000,22.000000000000000000000,25.000000000000000000000
wtp_of_industry_chemicals_refineries_flexibility_p2h_electricity,25.000000000000000000000,25.000000000000000000000,22.000000000000000000000,25.000000000000000000000
wtp_of_industry_other_food_flexibility_p2h_electricity,25.000000000000000000000,25.000000000000000000000,22.000000000000000000000,25.000000000000000000000
wtp_of_industry_other_paper_flexibility_p2h_electricity,25.000000000000000000000,25.000000000000000000000,22.000000000000000000000,25.000000000000000000000
wtp_of_transport_car_flexibility_p2p_electricity,5.000000000000000000000,5.000000000000000000000,5.000000000000000000000,5.000000000000000000000
electricity_interconnector_10_capacity,0.000000000000000000000,0.000000000000000000000,0.000000000000000000000,0.000000000000000000000
electricity_interconnector_10_co2_emissions_future,370.000001000000000000000,370.000001000000000000000,370.000001000000000000000,
electricity_interconnector_10_co2_emissions_present,370.000001000000000000000,370.000001000000000000000,370.000001000000000000000,
electricity_interconnector_10_export_availability,100.000000000000000000000,100.000000000000000000000,100.000000000000000000000,
electricity_interconnector_10_import_availability,100.000000000000000000000,100.000000000000000000000,100.000000000000000000000,
electricity_interconnector_10_marginal_costs,37.600000000000000000000,37.600000000000000000000,37.599998400000000000000,
electricity_interconnector_11_capacity,0.000000000000000000000,0.000000000000000000000,0.000000000000000000000,0.000000000000000000000
electricity_interconnector_11_co2_emissions_future,370.000001000000000000000,370.000001000000000000000,370.000001000000000000000,
electricity_interconnector_11_co2_emissions_present,370.000001000000000000000,370.000001000000000000000,370.000001000000000000000,
electricity_interconnector_11_export_availability,100.000000000000000000000,100.000000000000000000000,100.000000000000000000000,
electricity_interconnector_11_import_availability,100.000000000000000000000,100.000000000000000000000,100.000000000000000000000,
electricity_interconnector_11_marginal_costs,37.600000000000000000000,37.600000000000000000000,37.599998400000000000000,
electricity_interconnector_12_capacity,0.000000000000000000000,0.000000000000000000000,0.000000000000000000000,0.000000000000000000000
electricity_interconnector_12_co2_emissions_future,370.000001000000000000000,370.000001000000000000000,370.000001000000000000000,
electricity_interconnector_12_co2_emissions_present,370.000001000000000000000,370.000001000000000000000,370.000001000000000000000,
electricity_interconnector_12_export_availability,100.000000000000000000000,100.000000000000000000000,100.000000000000000000000,
electricity_interconnector_12_import_availability,100.000000000000000000000,100.000000000000000000000,100.000000000000000000000,
electricity_interconnector_12_marginal_costs,37.600000000000000000000,37.600000000000000000000,37.599998400000000000000,
electricity_interconnector_1_capacity,3400.000000000000000000000,4400.000000000000000000000,4400.000000000000000000000,4400.000000000000000000000
electricity_interconnector_1_co2_emissions_future,0.000000000000000000000,0.000000000000000000000,370.000001000000000000000,0.000000000000000000000
electricity_interconnector_1_co2_emissions_present,0.000000000000000000000,0.000000000000000000000,0.000000000000000000000,0.000000000000000000000
electricity_interconnector_1_export_availability,100.000000000000000000000,100.000000000000000000000,100.000000000000000000000,100.000000000000000000000
electricity_interconnector_1_import_availability,100.000000000000000000000,100.000000000000000000000,100.000000000000000000000,100.000000000000000000000
electricity_interconnector_1_marginal_costs,120.000000000000000000000,37.600000000000000000000,37.599998400000000000000,50.000000000000000000000
electricity_interconnector_2_capacity,5000.000000000000000000000,5000.000000000000000000000,6000.000000000000000000000,6000.000000000000000000000
electricity_interconnector_2_co2_emissions_future,0.000000000000000000000,0.000000000000000000000,370.000001000000000000000,0.000000000000000000000
electricity_interconnector_2_co2_emissions_present,0.000000000000000000000,0.000000000000000000000,370.000001000000000000000,0.000000000000000000000
electricity_interconnector_2_export_availability,100.000000000000000000000,100.000000000000000000000,100.000000000000000000000,100.000000000000000000000
electricity_interconnector_2_import_availability,100.000000000000000000000,100.000000000000000000000,100.000000000000000000000,100.000000000000000000000
electricity_interconnector_2_marginal_costs,37.600000000000000000000,37.600000000000000000000,37.599998400000000000000,
electricity_interconnector_3_capacity,700.000000000000000000000,700.000000000000000000000,700.000000000000000000000,700.000000000000000000000
electricity_interconnector_3_co2_emissions_future,0.000000000000000000000,0.000000000000000000000,370.000001000000000000000,0.000000000000000000000
electricity_interconnector_3_co2_emissions_present,0.000000000000000000000,0.000000000000000000000,370.000001000000000000000,0.000000000000000000000
electricity_interconnector_3_export_availability,100.000000000000000000000,100.000000000000000000000,100.000000000000000000000,100.000000000000000000000
electricity_interconnector_3_import_availability,100.000000000000000000000,100.000000000000000000000,100.000000000000000000000,100.000000000000000000000
electricity_interconnector_3_marginal_costs,37.600000000000000000000,37.600000000000000000000,37.599998400000000000000,
electricity_interconnector_4_capacity,700.000000000000000000000,700.000000000000000000000,0.000000000000000000000,2000.000000000000000000000
electricity_interconnector_4_co2_emissions_future,0.000000000000000000000,0.000000000000000000000,370.000001000000000000000,0.000000000000000000000
electricity_interconnector_4_co2_emissions_present,0.000000000000000000000,0.000000000000000000000,370.000001000000000000000,0.000000000000000000000
electricity_interconnector_4_export_availability,100.000000000000000000000,100.000000000000000000000,100.000000000000000000000,100.000000000000000000000
electricity_interconnector_4_import_availability,100.000000000000000000000,100.000000000000000000000,100.000000000000000000000,100.000000000000000000000
electricity_interconnector_4_marginal_costs,37.600000000000000000000,37.600000000000000000000,37.599998400000000000000,
electricity_interconnector_5_capacity,1000.000000000000000000000,1000.000000000000000000000,700.000000000000000000000,700.000000000000000000000
electricity_interconnector_5_co2_emissions_future,0.000000000000000000000,0.000000000000000000000,370.000001000000000000000,0.000000000000000000000
electricity_interconnector_5_co2_emissions_present,0.000000000000000000000,0.000000000000000000000,370.000001000000000000000,0.000000000000000000000
electricity_interconnector_5_export_availability,100.000000000000000000000,100.000000000000000000000,100.000000000000000000000,100.000000000000000000000
electricity_interconnector_5_import_availability,100.000000000000000000000,100.000000000000000000000,100.000000000000000000000,100.000000000000000000000
electricity_interconnector_5_marginal_costs,37.600000000000000000000,37.600000000000000000000,37.599998400000000000000,
electricity_interconnector_6_capacity,2000.000000000000000000000,2000.000000000000000000000,0.000000000000000000000,2000.000000000000000000000
electricity_interconnector_6_co2_emissions_future,370.000001000000000000000,370.000001000000000000000,370.000001000000000000000,0.000000000000000000000
electricity_interconnector_6_co2_emissions_present,370.000001000000000000000,370.000001000000000000000,370.000001000000000000000,0.000000000000000000000
electricity_interconnector_6_export_availability,100.000000000000000000000,100.000000000000000000000,100.000000000000000000000,0.000000000000000000000
electricity_interconnector_6_import_availability,100.000000000000000000000,100.000000000000000000000,100.000000000000000000000,0.000000000000000000000
electricity_interconnector_6_marginal_costs,37.600000000000000000000,37.600000000000000000000,37.599998400000000000000,
electricity_interconnector_7_capacity,0.000000000000000000000,0.000000000000000000000,1000.000000000000000000000,1000.000000000000000000000
electricity_interconnector_7_co2_emissions_future,370.000001000000000000000,370.000001000000000000000,370.000001000000000000000,0.000000000000000000000
electricity_interconnector_7_co2_emissions_present,370.000001000000000000000,370.000001000000000000000,370.000001000000000000000,0.000000000000000000000
electricity_interconnector_7_export_availability,100.000000000000000000000,100.000000000000000000000,100.000000000000000000000,
electricity_interconnector_7_import_availability,100.000000000000000000000,100.000000000000000000000,100.000000000000000000000,
electricity_interconnector_7_marginal_costs,37.600000000000000000000,37.600000000000000000000,37.599998400000000000000,
electricity_interconnector_8_capacity,0.000000000000000000000,0.000000000000000000000,2000.000000000000000000000,2000.000000000000000000000
electricity_interconnector_8_co2_emissions_future,370.000001000000000000000,370.000001000000000000000,370.000001000000000000000,0.000000000000000000000
electricity_interconnector_8_co2_emissions_present,370.000001000000000000000,370.000001000000000000000,370.000001000000000000000,0.000000000000000000000
electricity_interconnector_8_export_availability,100.000000000000000000000,100.000000000000000000000,100.000000000000000000000,
electricity_interconnector_8_import_availability,100.000000000000000000000,100.000000000000000000000,100.000000000000000000000,
electricity_interconnector_8_marginal_costs,37.600000000000000000000,37.600000000000000000000,37.599998400000000000000,
electricity_interconnector_9_capacity,0.000000000000000000000,0.000000000000000000000,0.000000000000000000000,0.000000000000000000000
electricity_interconnector_9_co2_emissions_future,370.000001000000000000000,370.000001000000000000000,370.000001000000000000000,
electricity_interconnector_9_co2_emissions_present,370.000001000000000000000,370.000001000000000000000,370.000001000000000000000,
electricity_interconnector_9_export_availability,100.000000000000000000000,100.000000000000000000000,100.000000000000000000000,
electricity_interconnector_9_import_availability,100.000000000000000000000,100.000000000000000000000,100.000000000000000000000,
electricity_interconnector_9_marginal_costs,37.600000000000000000000,37.600000000000000000000,37.599998400000000000000,
change_in_energetic_emissions_other_ghg_energy,100.000000000000000000000,100.000000000000000000000,100.000000000000000000000,0.000000000000000000000
change_in_energetic_emissions_other_ghg_buildings,120.000000000000000000000,120.000000000000000000000,100.000000000000000000000,0.000000000000000000000
change_in_energetic_emissions_other_ghg_industry,67.000000000000000000000,51.000000000000000000000,34.000000000000000000000,0.000000000000000000000
change_in_energetic_emissions_other_ghg_households,120.000000000000000000000,120.000000000000000000000,100.000000000000000000000,0.000000000000000000000
change_in_non_energetic_emissions_co2_chemical_industry,100.000000000000000000000,100.000000000000000000000,66.666666700000000000000,0.000000000000000000000
change_in_energetic_emissions_other_ghg_transport,29.000000000000000000000,29.000000000000000000000,100.000000000000000000000,0.000000000000000000000
change_in_indirect_emissions_co2,100.000000000000000000000,100.000000000000000000000,100.000000000000000000000,0.000000000000000000000
change_in_non_energetic_emissions_co2_other_industry,73.000000000000000000000,60.000000000000000000000,40.000000000000000000000,0.000000000000000000000
change_in_non_energetic_emissions_co2_waste_management,83.000000000000000000000,75.000000000000000000000,50.000000000000000000000,0.000000000000000000000
change_in_non_energetic_emissions_other_ghg_chemical_industry,67.000000000000000000000,51.000000000000000000000,34.000000000000000000000,0.000000000000000000000
change_in_non_energetic_emissions_other_ghg_other_industry,67.000000000000000000000,51.000000000000000000000,34.000000000000000000000,0.000000000000000000000
change_in_non_energetic_emissions_other_ghg_waste_management,67.000000000000000000000,51.000000000000000000000,34.000000000000000000000,0.000000000000000000000
change_in_energetic_emissions_other_ghg_agriculture,97.000000000000000000000,95.000000000000000000000,117.000000000000000000000,135.000000000000000000000
change_in_non_energetic_emissions_co2_agriculture_manure,100.000000000000000000000,100.000000000000000000000,50.000000000000000000000,0.000000000000000000000
change_in_non_energetic_emissions_co2_agriculture_soil_cultivation,100.000000000000000000000,100.000000000000000000000,50.000000000000000000000,0.000000000000000000000
change_in_non_energetic_emissions_other_ghg_agriculture_fermentation,97.000000000000000000000,95.000000000000000000000,48.000000000000000000000,0.000000000000000000000
change_in_non_energetic_emissions_other_ghg_agriculture_manure,97.000000000000000000000,95.000000000000000000000,102.000000000000000000000,108.000000000000000000000
change_in_non_energetic_emissions_other_ghg_agriculture_other,97.000000000000000000000,95.000000000000000000000,48.000000000000000000000,0.000000000000000000000
change_in_non_energetic_emissions_other_ghg_agriculture_soil_cultivation,77.000000000000000000000,66.000000000000000000000,64.000000000000000000000,52.000000000000000000000
share_of_molecules_other_utilisation_delayed_emitted_co2,,,100.000000000000000000000,0.000000000000000000000
share_of_molecules_other_utilisation_delayed_indefinitely_co2,,,0.000000000000000000000,100.000000000000000000000
share_of_energy_power_combined_cycle_ccs_network_gas,0.000000000000000000000,100.000000000000000000000,0.000000000000000000000,100.000000000000000000000
share_of_energy_power_combined_cycle_ccs_coal,0.000000000000000000000,0.000000000000000000000,0.000000000000000000000,0.000000000000000000000
capacity_costs_energy_flexibility_flow_batteries_electricity,0.000000000000000000000,0.000000000000000000000,0.000000000000000000000,0.000000000000000000000
costs_bio_ethanol,0.948245520000000000000,0.948245520000000000000,0.948245520000000000000,1.200000000000000000000
costs_biodiesel,0.958809140000000000000,0.958809140000000000000,0.958809140000000000000,1.200000000000000000000
costs_biogas,56.999998800000000000000,56.999998800000000000000,58.000000000000000000000,45.000000000000000000000
costs_coal,58.000000000000000000000,58.000000000000000000000,56.000000000000000000000,55.000000000000000000000
costs_electricity_fallback_price,3000.000000000000000000000,3000.000000000000000000000,3000.000000000000000000000,
costs_gas,35.000000000000000000000,58.000000000000000000000,31.000000000000000000000,31.000000000000000000000
costs_greengas,63.569998800000000000000,63.569998800000000000000,61.000000000000000000000,50.000000000000000000000
costs_heat_infra_indoors,100.000000000000000000000,100.000000000000000000000,100.000000000000000000000,100.000000000000000000000
costs_heat_infra_outdoors,100.000000000000000000000,100.000000000000000000000,100.000000000000000000000,100.000000000000000000000
costs_heat_network_storage,43.200000000000000000000,43.200000000000000000000,43.200000000000000000000,0.000000000000000000000
costs_hydrogen,57.000000000000000000000,57.000000000000000000000,30.000000000000000000000,30.000000000000000000000
costs_hydrogen_storage,3.400000000000000000000,3.400000000000000000000,3.400000000000000000000,3.400000000000000000000
costs_hydrogen_transport_compressed_trucks,50.082264800000000000000,50.082264800000000000000,50.082264800000000000000,50.100000000000000000000
costs_hydrogen_transport_pipelines,1.570641810000000000000,1.570641810000000000000,1.570641810000000000000,1.600000000000000000000
costs_imported_ammonia,,,43.214515200000000000000,
costs_imported_heat,11.569444000000000000000,11.569444000000000000000,11.569444000000000000000,1.000000000000000000000
costs_industry_residual_heat,0.000000000000000000000,0.000000000000000000000,0.000000000000000000000,0.000000000000000000000
costs_infrastructure_electricity_hv_net,364.000000000000000000000,364.000000000000000000000,364.000000000000000000000,364.000000000000000000000
costs_infrastructure_electricity_interconnector_net,364.000000000000000000000,364.000000000000000000000,364.000000000000000000000,364.000000000000000000000
costs_infrastructure_electricity_lv_mv_trafo,200.000000000000000000000,200.000000000000000000000,200.000000000000000000000,200.000000000000000000000
costs_infrastructure_electricity_lv_net,916.000000000000000000000,916.000000000000000000000,916.000000000000000000000,916.000000000000000000000
costs_infrastructure_electricity_mv_hv_trafo,250.000000000000000000000,250.000000000000000000000,250.000000000000000000000,250.000000000000000000000
costs_infrastructure_electricity_mv_net,690.000000000000000000000,690.000000000000000000000,690.000000000000000000000,690.000000000000000000000
costs_infrastructure_electricity_offshore_net,1159.000000000000000000000,1159.000000000000000000000,1159.000000000000000000000,810.000000000000000000000
costs_oil,64.152480900000000000000,64.152480900000000000000,61.000000000000000000000,58.000000000000000000000
costs_uranium,69.100026000000000000000,69.100026000000000000000,69.100026000000000000000,69.100000000000000000000
costs_wacc_households,2.000000000000000000000,2.000000000000000000000,2.000000000000000000000,3.000000000000000000000
costs_wacc_proven_technologies,4.000000000000000000000,4.000000000000000000000,4.000000000000000000000,3.000000000000000000000
costs_wacc_public_infrastructure,3.000000000000000000000,3.000000000000000000000,3.000000000000000000000,3.000000000000000000000
costs_wacc_unproven_technologies,7.000000000000000000000,7.000000000000000000000,7.000000000000000000000,3.000000000000000000000
costs_wood,149.779998000000000000000,149.779998000000000000000,149.779998000000000000000,153.000000000000000000000
efficiency_agriculture_chp_engine_biogas_electricity,,,,
efficiency_agriculture_chp_engine_biogas_heat,,,,
efficiency_agriculture_chp_engine_dispatchable_network_gas_electricity,,,,
efficiency_agriculture_chp_engine_dispatchable_network_gas_heat,,,,
efficiency_agriculture_chp_engine_must_run_network_gas_electricity,,,,
efficiency_agriculture_chp_engine_must_run_network_gas_heat,,,,
efficiency_agriculture_chp_wood_pellets_electricity,,,,
efficiency_agriculture_chp_wood_pellets_heat,,,,
efficiency_agriculture_heatpump_water_water_electricity,,,4.500000000000000000000,
efficiency_agriculture_heatpump_water_water_ts_electricity,,,23.000000000000000000000,
efficiency_ammonia_reforming,,,68.500000000000000000000,
efficiency_buildings_space_heater_collective_heatpump_water_water_ts_electricity,3.760000000000000000000,3.760000000000000000000,3.760000000000000000000,
efficiency_buildings_space_heater_combined_hydrogen,108.695652000000000000000,108.695652000000000000000,108.695652000000000000000,
efficiency_buildings_space_heater_electricity,100.000000000000000000000,100.000000000000000000000,100.000000000000000000000,
efficiency_buildings_space_heater_heatpump_air_water_electricity,100.000000000000000000000,100.000000000000000000000,100.000000000000000000000,
efficiency_buildings_space_heater_hybrid_heatpump_air_water_electricity,100.000000000000000000000,100.000000000000000000000,100.000000000000000000000,
efficiency_buildings_space_heater_hybrid_hydrogen_heatpump_air_water_electricity,100.000000000000000000000,100.000000000000000000000,100.000000000000000000000,
efficiency_buildings_space_heater_network_gas,106.700000000000000000000,106.700000000000000000000,106.700000000000000000000,
efficiency_buildings_space_heater_wood_pellets,82.000000000000000000000,82.000000000000000000000,82.000000000000000000000,
efficiency_energy_chp_combined_cycle_network_gas_electricity,43.300000000000000000000,43.300000000000000000000,43.300000000000000000000,
efficiency_energy_chp_combined_cycle_network_gas_heat,30.500000000000000000000,30.500000000000000000000,30.500000000000000000000,
efficiency_energy_chp_local_engine_biogas_electricity,42.000000000000000000000,42.000000000000000000000,42.000000000000000000000,
efficiency_energy_chp_local_engine_biogas_heat,39.000000000000000000000,39.000000000000000000000,39.000000000000000000000,
efficiency_energy_chp_local_engine_network_gas_electricity,42.000000000000000000000,42.000000000000000000000,42.000000000000000000000,
efficiency_energy_chp_local_engine_network_gas_heat,50.000000000000000000000,50.000000000000000000000,50.000000000000000000000,
efficiency_energy_chp_local_wood_pellets_electricity,18.300000000000000000000,18.300000000000000000000,18.300000000000000000000,
efficiency_energy_chp_local_wood_pellets_heat,47.000000000000000000000,47.000000000000000000000,47.000000000000000000000,
efficiency_energy_chp_supercritical_waste_mix_electricity,20.450000000000000000000,20.450000000000000000000,20.450000000000000000000,
efficiency_energy_chp_supercritical_waste_mix_heat,19.950000000000000000000,19.950000000000000000000,19.950000000000000000000,
efficiency_energy_chp_ultra_supercritical_coal_electricity,44.000000000000000000000,44.000000000000000000000,44.000000000000000000000,
efficiency_energy_chp_ultra_supercritical_coal_heat,13.000000000000000000000,13.000000000000000000000,13.000000000000000000000,
efficiency_energy_chp_ultra_supercritical_cofiring_coal_electricity,40.000000000000000000000,40.000000000000000000000,40.000000000000000000000,
efficiency_energy_chp_ultra_supercritical_cofiring_coal_heat,15.000000000000000000000,15.000000000000000000000,15.000000000000000000000,
efficiency_energy_flexibility_flow_batteries_electricity,,,,
efficiency_energy_flexibility_hv_opac_electricity,,,,
efficiency_energy_flexibility_mv_batteries_electricity,,,,
efficiency_energy_power_combined_cycle_coal,45.300000000000000000000,45.300000000000000000000,45.300000000000000000000,
efficiency_energy_power_combined_cycle_hydrogen,60.000000000000000000000,60.000000000000000000000,60.000000000000000000000,
efficiency_energy_power_combined_cycle_network_gas,60.000000000000000000000,60.000000000000000000000,60.000000000000000000000,
efficiency_energy_power_engine_diesel,38.000000000000000000000,38.000000000000000000000,38.000000000000000000000,
efficiency_energy_power_engine_network_gas,48.000000000000000000000,48.000000000000000000000,48.000000000000000000000,
efficiency_energy_power_nuclear_gen2_uranium_oxide,36.930000000000000000000,36.930000000000000000000,36.930000000000000000000,
efficiency_energy_power_nuclear_gen3_uranium_oxide,36.930000000000000000000,36.930000000000000000000,36.930000000000000000000,
efficiency_energy_power_nuclear_small_modular_reactor_uranium_oxide,28.000000000000000000000,28.000000000000000000000,28.000000000000000000000,
efficiency_energy_power_solar_pv_solar_radiation,20.000000000000000000000,22.000000000000000000000,23.000000000000000000000,24.000000000000000000000
efficiency_energy_power_supercritical_coal,36.000000000000000000000,36.000000000000000000000,36.000000000000000000000,
efficiency_energy_power_supercritical_waste_mix,25.000000000000000000000,25.000000000000000000000,25.000000000000000000000,
efficiency_energy_power_turbine_hydrogen,34.000000000000000000000,34.000000000000000000000,34.000000000000000000000,
efficiency_energy_power_turbine_network_gas,34.000000000000000000000,34.000000000000000000000,34.000000000000000000000,
efficiency_energy_power_ultra_supercritical_coal,46.000000000000000000000,46.000000000000000000000,46.000000000000000000000,
efficiency_energy_power_ultra_supercritical_cofiring_coal,42.000000000000000000000,42.000000000000000000000,42.000000000000000000000,
efficiency_energy_power_ultra_supercritical_crude_oil,45.000000000000000000000,45.000000000000000000000,45.000000000000000000000,
efficiency_energy_power_ultra_supercritical_network_gas,40.000000000000000000000,40.000000000000000000000,40.000000000000000000000,
efficiency_households_flexibility_p2p_electricity,,,,
efficiency_households_space_heater_combined_hydrogen,110.000000000000000000000,110.000000000000000000000,110.000000000000000000000,
efficiency_households_space_heater_combined_network_gas,107.000000000000000000000,107.000000000000000000000,107.000000000000000000000,
efficiency_households_space_heater_electricity,100.000000000000000000000,100.000000000000000000000,100.000000000000000000000,
efficiency_households_space_heater_heatpump_air_water_electricity,100.000000000000000000000,100.000000000000000000000,100.000000000000000000000,
efficiency_households_space_heater_heatpump_ground_water_electricity,4.800000000000000000000,4.800000000000000000000,4.800000000000000000000,
efficiency_households_space_heater_hybrid_heatpump_air_water_electricity,100.000000000000000000000,100.000000000000000000000,100.000000000000000000000,
efficiency_households_space_heater_hybrid_hydrogen_heatpump_air_water_electricity,100.000000000000000000000,100.000000000000000000000,100.000000000000000000000,
efficiency_households_space_heater_network_gas,80.000000000000000000000,80.000000000000000000000,80.000000000000000000000,
efficiency_households_space_heater_wood_pellets,82.000000000000000000000,82.000000000000000000000,82.000000000000000000000,
efficiency_hydrogen_electrolysis,66.000000000000000000000,66.000000000000000000000,66.000000000000000000000,
efficiency_industry_chp_combined_cycle_gas_power_fuelmix_electricity,,,,
efficiency_industry_chp_combined_cycle_gas_power_fuelmix_heat,,,,
efficiency_industry_chp_engine_gas_power_fuelmix_electricity,,,,
efficiency_industry_chp_engine_gas_power_fuelmix_heat,,,,
efficiency_industry_chp_turbine_gas_power_fuelmix_electricity,,,,
efficiency_industry_chp_turbine_gas_power_fuelmix_heat,,,,
efficiency_industry_chp_turbine_hydrogen_electricity,,,33.444816100000000000000,
efficiency_industry_chp_turbine_hydrogen_heat,,,41.471571900000000000000,
efficiency_industry_chp_ultra_supercritical_coal_electricity,,,,
efficiency_industry_chp_ultra_supercritical_coal_heat,,,,
efficiency_industry_chp_wood_pellets_electricity,,,,
efficiency_industry_chp_wood_pellets_heat,,,,
efficiency_transport_flexibility_p2p_electricity,,,,
investment_costs_ammonia_reforming,,,0.000000000000000000000,
investment_costs_combustion_biomass_plants,0.000000000000000000000,0.000000000000000000000,0.000000000000000000000,-31.818182000000000000000
investment_costs_combustion_coal_plant,0.000000000000000000000,0.000000000000000000000,0.000000000000000000000,
investment_costs_combustion_gas_plant,0.000000000000000000000,0.000000000000000000000,0.000000000000000000000,0.133511350000000000000
investment_costs_combustion_hydrogen_plant,0.000000000000000000000,0.000000000000000000000,0.000000000000000000000,0.000000000000000000000
investment_costs_combustion_oil_plant,0.000000000000000000000,0.000000000000000000000,0.000000000000000000000,0.000000000000000000000
investment_costs_combustion_waste_incinerator,,0.000000000000000000000,0.000000000000000000000,0.000000000000000000000
investment_costs_electric_heat_pumps,0.000000000000000000000,0.000000000000000000000,0.000000000000000000000,-49.000000000000000000000
investment_costs_energy_flexibility_hv_opac_electricity,0.000000000000000000000,0.000000000000000000000,0.000000000000000000000,0.000000000000000000000
investment_costs_energy_flexibility_mv_batteries_electricity,0.000000000000000000000,0.000000000000000000000,0.000000000000000000000,0.000000000000000000000
investment_costs_flexibility_p2h_electricity,0.000000000000000000000,0.000000000000000000000,0.000000000000000000000,1.694915250000000000000
investment_costs_gas_heat_pumps,0.000000000000000000000,0.000000000000000000000,0.000000000000000000000,0.000000000000000000000
investment_costs_geothermal,0.000000000000000000000,0.000000000000000000000,0.000000000000000000000,-88.392788000000000000000
investment_costs_households_flexibility_p2p_electricity,0.000000000000000000000,0.000000000000000000000,0.000000000000000000000,-72.000000000000000000000
investment_costs_hydrogen_electrolysis,0.000000000000000000000,0.000000000000000000000,0.000000000000000000000,-39.000000000000000000000
investment_costs_nuclear_nuclear_plant,0.000000000000000000000,0.000000000000000000000,0.000000000000000000000,-11.500000000000000000000
investment_costs_nuclear_small_modular_reactor,0.000000000000000000000,0.000000000000000000000,0.000000000000000000000,
investment_costs_solar_solar_panels,0.000000000000000000000,0.000000000000000000000,0.000000000000000000000,-68.082664000000000000000
investment_costs_solar_thermal,0.000000000000000000000,0.000000000000000000000,0.000000000000000000000,0.000000000000000000000
investment_costs_water_river,0.000000000000000000000,0.000000000000000000000,0.000000000000000000000,-4.000000000000000000000
investment_costs_wind_offshore,0.000000000000000000000,0.000000000000000000000,0.000000000000000000000,-74.372117000000000000000
investment_costs_wind_onshore,0.000000000000000000000,0.000000000000000000000,0.000000000000000000000,-48.885694000000000000000
om_costs_combustion_biomass_plant,0.000000000000000000000,0.000000000000000000000,0.000000000000000000000,-84.455959000000000000000
om_costs_combustion_coal_plant,0.000000000000000000000,0.000000000000000000000,0.000000000000000000000,
om_costs_combustion_gas_plant,0.000000000000000000000,0.000000000000000000000,0.000000000000000000000,0.000000000000000000000
om_costs_combustion_hydrogen_plant,0.000000000000000000000,0.000000000000000000000,0.000000000000000000000,0.000000000000000000000
om_costs_combustion_oil_plant,0.000000000000000000000,0.000000000000000000000,0.000000000000000000000,0.000000000000000000000
om_costs_combustion_waste_incinerator,,0.000000000000000000000,0.000000000000000000000,0.000000000000000000000
om_costs_geothermal,0.000000000000000000000,0.000000000000000000000,0.000000000000000000000,-39.000000000000000000000
om_costs_nuclear_nuclear_plant,0.000000000000000000000,0.000000000000000000000,0.000000000000000000000,57.200000000000000000000
om_costs_nuclear_small_modular_reactor,0.000000000000000000000,0.000000000000000000000,0.000000000000000000000,
om_costs_solar_thermal,0.000000000000000000000,0.000000000000000000000,0.000000000000000000000,0.000000000000000000000
om_costs_water_river,0.000000000000000000000,0.000000000000000000000,0.000000000000000000000,
om_costs_wind_offshore,0.000000000000000000000,0.000000000000000000000,0.000000000000000000000,-77.616116000000000000000
om_costs_wind_onshore,0.000000000000000000000,0.000000000000000000000,0.000000000000000000000,-63.864607000000000000000
transport_planes_efficiency,0.800000000000000000000,0.800000000000000000000,0.000000000000000000000,0.800000000000000000000
transport_ships_efficiency,0.400000000000000000000,0.400000000000000000000,0.000000000000000000000,0.400000000000000000000
transport_trains_efficiency,0.100000000000000000000,0.100000000000000000000,0.000000000000000000000,0.100000000000000000000
transport_vehicle_combustion_engine_efficiency,0.400000000000000000000,0.400000000000000000000,0.000000000000000000000,0.400000000000000000000
transport_vehicle_using_electricity_efficiency,0.300000000000000000000,0.300000000000000000000,0.000000000000000000000,0.300000000000000000000
transport_vehicle_using_hydrogen_efficiency,0.300000000000000000000,0.300000000000000000000,0.000000000000000000000,0.300000000000000000000
volume_costs_energy_flexibility_flow_batteries_electricity,0.000000000000000000000,0.000000000000000000000,0.000000000000000000000,0.000000000000000000000
output_of_energy_production_synthetic_kerosene,3.000000000000000000000,11.000000000000000000000,33.000000000000000000000,96.000000000000000000000